785,0,0,0,0.057586,0,4,5
785,0,0,0,0.036538,0.001771,4,5
785,0,0,0,0.028194,0.000569,4,5
785,0,0,0,0.031198,0.000423,4,5
785,0,0,0,0.0733,0.000937,4,5
785,0,0,0,0.068288,0.001348,4,5
785,0,0,0,0.065066,0.00084,4,5
785,0,0,0,0.067441,0.001024,4,5
785,0,0,0,0.068005,0.001643,4,5
785,0,0,0,0.080239,0.001107,4,5
785,0,0,0,0.05917,0.00099,4,5
785,0,0,0,0.06634,0.001275,4,5
785,0,0,0,0.066501,0.00094,4,5
785,0,0,0,0.123451,0.001249,4,5
785,0,0,0,0.083096,0.001331,4,5
785,0,0,0,0.08273,0.001216,4,5
785,0,0,0,0.119009,0.001319,4,5
785,0,0,0,0.172247,0.001097,4,5
785,0,0,0,0.056598,0.000875,4,5
785,0,0,0,0.119177,0.001428,4,5
785,0,0,0,0.057669,0.001046,4,5
785,0,0,0,0.058387,0.000666,4,5
785,0,0,0,0.119944,0.001123,4,5
785,0,0,0,0.086365,0.001522,4,5
785,0,0,0,0.058889,0.00129,4,5
785,0,0,0,0.077074,0.00139,4,5
785,0,0,0,0.077309,0.001333,4,5
785,0,0,0,0.079547,0.001071,4,5
785,0,0,0,0.099484,0.001822,4,5
785,0,0,0,0.077552,0.001257,4,5
785,0,0,0,0.076759,0.001064,4,5
785,0,0,0,0.057555,0.000687,4,5
137,400,0,0,0.089,0.001816,4,5
137,400,0,0,0.065771,0.000837,4,5
195,350,0,0,0.105544,0.00104,4,5
211,346,0,0,0.082806,0.001557,4,5
233,343,0,0,0.083427,0.001157,4,5
247,343,0,0,0.081048,0.001212,4,5
253,344,0,0,0.083994,0.001358,4,5
257,347,0,0,0.082009,0.001145,4,5
261,364,0,0,0.104977,0.001047,4,5
254,382,0,0,0.08272,0.001051,4,5
233,403,0,0,0.057611,0.00087,4,5
218,408,0,0,0.057339,0.000896,4,5
209,408,0,0,0.057397,0.000698,4,5
206,408,0,0,0.057364,0.001053,4,5
204,408,0,0,0.080657,0.000793,4,5
204,408,0,0,0.059379,0.017606,4,5
203,408,0,0,0.082595,0.00136,4,5
203,408,0,0,0.057647,0.001483,4,5
203,408,0,0,0.058639,0.000676,4,5
203,408,0,0,0.058705,0.00077,4,5
203,408,0,0,0.058083,0.000714,4,5
203,408,0,0,0.058556,0.000773,4,5
203,408,0,0,0.067772,0.004917,5,5
203,408,0,0,0.087982,0.000878,5,5
203,408,0,0,0.093486,0.001263,5,5
203,408,0,0,0.094167,0.001374,5,5
203,408,0,0,0.067586,0.000957,5,5
203,408,0,0,0.067333,0.000775,5,5
203,408,0,0,0.067113,0.000966,5,5
204,416,0,0,0.088281,0.001046,5,5
223,448,0,0,0.077291,0.001057,5,5
239,463,0,0,0.06783,0.000712,5,5
253,475,0,0,0.113935,0.001842,5,5
256,478,0,0,0.105714,0.001309,5,5
257,479,0,0,0.105923,0.00132,5,5
257,479,0,0,0.092853,0.001452,5,5
257,479,0,0,0.106108,0.00545,6,5
257,479,0,0,0.105831,0.001106,6,5
257,479,0,0,0.104209,0.001177,6,5
257,479,0,0,0.104338,0.001202,6,5
257,479,0,0,0.086624,0.001332,6,5
284,443,0,0,0.109729,0.001403,6,5
304,402,0,0,0.079403,0.000875,6,5
322,348,0,0,0.08438,0.000818,6,5
336,312,0,0,0.112938,0.001131,6,5
350,282,0,0,0.129647,0.001064,6,5
368,257,0,0,0.112604,0.00108,6,5
375,248,0,0,0.113072,0.001098,6,5
386,237,0,0,0.110499,0.001495,6,5
390,232,0,0,0.07863,0.000629,6,5
390,232,0,0,0.078727,0.000906,6,5
390,232,0,0,0.100392,0.00561,7,5
390,232,0,0,0.090115,0.001067,7,5
390,232,0,0,0.101019,0.001364,7,5
390,232,0,0,0.102962,0.001156,7,5
390,232,0,0,0.099947,0.001082,7,5
390,232,0,0,0.130159,0.001241,7,5
388,269,0,0,0.128861,0.00111,7,5
402,329,0,0,0.127364,0.001177,7,5
433,390,0,0,0.150684,0.001673,7,5
452,421,0,0,0.127242,0.001321,7,5
459,429,0,0,0.127242,0.00109,7,5
462,433,0,0,0.141042,0.001489,7,5
462,435,0,0,0.101218,0.00109,7,5
462,435,0,0,0.139837,0.001344,7,5
462,435,0,0,0.11303,0.005892,8,5
462,435,0,0,0.097792,0.001149,8,5
462,435,0,0,0.114476,0.001135,8,5
462,435,0,0,0.100088,0.000736,8,5
462,435,0,0,0.125338,0.001573,8,5
474,422,0,0,0.115004,0.000873,8,5
499,390,0,0,0.140399,0.001262,8,5
511,377,0,0,0.155666,0.001418,8,5
517,368,0,0,0.135401,0.001121,8,5
518,367,0,0,0.135246,0.001044,8,5
518,367,0,0,0.107672,0.004494,9,5
518,367,0,0,0.114377,0.000938,9,5
518,367,0,0,0.111003,0.000919,9,5
518,367,0,0,0.055942,0.000432,9,5
518,367,0,0,0.048721,0.000444,9,5
553,325,0,0,0.060507,0.000426,9,5
554,323,0,0,0.162009,0.000901,9,5
558,317,0,0,0.163497,0.001121,9,5
559,314,0,0,0.167289,0.00076,9,5
559,312,0,0,0.175204,0.005548,9,5
559,312,0,0,0.123039,0.000875,9,5
559,312,0,0,0.109258,0.000882,9,5
559,312,0,0,0.117759,0.00449,10,5
559,312,0,0,0.136209,0.001144,10,5
559,312,0,0,0.147054,0.001445,10,5
559,312,0,0,0.156226,0.001335,10,5
559,312,0,0,0.152733,0.00116,10,5
556,296,0,0,0.149752,0.001206,10,5
538,243,0,0,0.160451,0.001319,10,5
513,203,0,0,0.161847,0.001093,10,5
465,151,0,0,0.161867,0.00151,10,5
438,126,0,0,0.165124,0.001362,10,5
434,124,0,0,0.173833,0.000968,10,5
431,123,0,0,0.15931,0.002299,10,5
430,123,0,0,0.158548,0.000743,10,5
430,123,0,0,0.17798,0.001453,10,5
430,123,0,0,0.128466,0.004572,11,5
430,123,0,0,0.129922,0.000925,11,5
430,123,0,0,0.132522,0.00118,11,5
430,123,0,0,0.129483,0.001105,11,5
430,123,0,0,0.162538,0.001209,11,5
430,123,0,0,0.164768,0.001395,11,5
430,123,0,0,0.187607,0.001268,11,5
430,123,0,0,0.192088,0.001329,11,5
425,151,0,0,0.215014,0.000956,11,5
433,214,0,0,0.14424,0.001326,11,5
444,257,0,0,0.155635,0.001403,11,5
451,271,0,0,0.235494,0.001417,11,5
454,276,0,0,0.171582,0.001174,11,5
455,278,0,0,0.149589,0.001283,11,5
455,278,0,0,0.154043,0.000858,11,5
455,278,0,0,0.12898,0.001006,11,5
455,278,0,0,0.138054,0.004302,12,5
455,278,0,0,0.140292,0.001117,12,5
455,278,0,0,0.158715,0.001399,12,5
455,278,0,0,0.158611,0.001103,12,5
455,278,0,0,0.138056,0.000819,12,5
451,277,0,0,0.138682,0.000812,12,5
445,275,0,0,0.139997,0.001135,12,5
443,275,0,0,0.184465,0.00138,12,5
443,275,0,0,0.139993,0.0014,12,5
443,275,0,0,0.138855,0.000888,12,5
443,275,0,0,0.192972,0.000762,12,5
443,275,0,0,0.188494,0.006463,13,5
443,275,0,0,0.170321,0.001244,13,5
443,275,0,0,0.202203,0.001049,13,5
443,275,0,0,0.195503,0.001076,13,5
443,275,0,0,0.171716,0.001099,13,5
443,275,0,0,0.238992,0.000779,13,5
443,275,0,0,0.188814,0.0013,13,5
443,275,0,0,0.148311,0.00098,13,5
443,275,0,0,0.182118,0.00152,13,5
443,275,0,0,0.146942,0.000875,13,5
443,275,0,0,0.150315,0.000722,13,5
426,299,0,0,0.152075,0.000934,13,5
383,354,0,0,0.185754,0.001104,13,5
368,375,0,0,0.217314,0.001277,13,5
353,392,0,0,0.241792,0.001659,13,5
340,406,0,0,0.201911,0.001464,13,5
332,417,0,0,0.202542,0.001637,13,5
328,422,0,0,0.208998,0.001208,13,5
328,422,0,0,0.180063,0.00103,13,5
328,422,0,0,0.192874,0.004904,14,5
328,422,0,0,0.268344,0.001316,14,5
328,422,0,0,0.295188,0.001562,14,5
328,422,0,0,0.184083,0.001096,14,5
328,422,0,0,0.191884,0.000978,14,5
346,395,0,0,0.159547,0.000827,14,5
359,379,0,0,0.230595,0.001357,14,5
382,327,0,0,0.260244,0.001095,14,5
389,307,0,0,0.226648,0.001193,14,5
392,299,0,0,0.15923,0.000914,14,5
392,297,0,0,0.200147,0.00068,14,5
392,297,0,0,0.187511,0.001343,14,5
392,297,0,0,0.191173,0.001087,14,5
392,297,0,0,0.240511,0.005763,15,5
392,297,0,0,0.226486,0.001531,15,5
392,297,0,0,0.22977,0.001381,15,5
392,297,0,0,0.228903,0.00121,15,5
392,297,0,0,0.167409,0.000824,15,5
392,297,0,0,0.169968,0.000741,15,5
392,297,0,0,0.222947,0.000849,15,5
392,297,0,0,0.197298,0.000952,15,5
360,319,0,0,0.166659,0.000749,15,5
325,336,0,0,0.215164,0.000744,15,5
303,342,0,0,0.169999,0.001,15,5
284,351,0,0,0.19385,0.00093,15,5
279,354,0,0,0.231804,0.000881,15,5
275,357,0,0,0.192213,0.000986,15,5
274,357,0,0,0.194872,0.000895,15,5
274,357,0,0,0.241703,0.001108,15,5
274,357,0,0,0.217064,0.001544,15,5
274,357,0,0,0.194625,0.000911,15,5
274,357,0,0,0.268417,0.004705,16,5
274,357,0,0,0.203511,0.001353,16,5
274,357,0,0,0.206285,0.000964,16,5
274,357,0,0,0.207328,0.001107,16,5
274,357,0,0,0.219237,0.001063,16,5
274,357,0,0,0.204265,0.000802,16,5
274,357,0,0,0.205606,0.001257,16,5
224,350,0,0,0.251259,0.00125,16,5
198,341,0,0,0.180671,0.000725,16,5
169,328,0,0,0.237019,0.001541,16,5
151,323,0,0,0.212701,0.001105,16,5
149,323,0,0,0.204954,0.000964,16,5
146,323,0,0,0.204441,0.000884,16,5
144,323,0,0,0.214539,0.001075,16,5
144,323,0,0,0.205265,0.001249,16,5
144,323,0,0,0.293472,0.001213,16,5
144,323,0,0,0.312232,0.006877,17,5
144,323,0,0,0.274459,0.001167,17,5
144,323,0,0,0.272864,0.001188,17,5
144,323,0,0,0.273996,0.001227,17,5
144,323,0,0,0.137769,0.000562,17,5
144,323,0,0,0.122014,0.000484,17,5
138,359,0,0,0.121088,0.000807,17,5
128,416,0,0,0.145391,0.000555,17,5
123,449,0,0,0.311078,0.001207,17,5
122,483,0,0,0.223285,0.001465,17,5
122,489,0,0,0.215466,0.000738,17,5
122,491,0,0,0.214566,0.001028,17,5
122,492,0,0,0.214901,0.001282,17,5
122,492,0,0,0.21803,0.001133,17,5
122,492,0,0,0.245776,0.007024,18,5
122,492,0,0,0.328132,0.001518,18,5
122,492,0,0,0.376516,0.001478,18,5
122,492,0,0,0.325738,0.001376,18,5
122,492,0,0,0.28796,0.001194,18,5
122,492,0,0,0.285808,0.0012,18,5
138,527,0,0,0.198944,0.001456,18,5
181,599,0,0,0.22644,0.001387,18,5
214,643,0,0,0.202132,0.000906,18,5
234,665,0,0,0.232101,0.000993,18,5
238,669,0,0,0.299285,0.001702,18,5
238,670,0,0,0.226421,0.001185,18,5
238,671,0,0,0.249567,0.000998,18,5
238,671,0,0,0.230819,0.000988,18,5
238,671,0,0,0.260343,0.005489,19,5
238,671,0,0,0.254633,0.001159,19,5
238,671,0,0,0.343037,0.001287,19,5
238,671,0,0,0.206837,0.000954,19,5
238,671,0,0,0.207665,0.000725,19,5
278,646,0,0,0.208508,0.001098,19,5
334,615,0,0,0.275945,0.00081,19,5
371,590,0,0,0.236219,0.001265,19,5
376,587,0,0,0.209487,0.000902,19,5
378,587,0,0,0.211944,0.000949,19,5
378,587,0,0,0.211506,0.000798,19,5
378,587,0,0,0.288089,0.001177,19,5
378,587,0,0,0.219601,0.004118,20,5
378,587,0,0,0.232375,0.000772,20,5
378,587,0,0,0.218711,0.001047,20,5
378,587,0,0,0.273785,0.000956,20,5
378,587,0,0,0.251631,0.000927,20,5
378,587,0,0,0.359489,0.001404,20,5
378,587,0,0,0.284417,0.001212,20,5
338,595,0,0,0.255524,0.0446,20,5
254,584,0,0,0.250425,0.001023,20,5
204,574,0,0,0.278408,0.00126,20,5
189,571,0,0,0.252584,0.000998,20,5
182,571,0,0,0.263429,0.000992,20,5
179,571,0,0,0.287125,0.001071,20,5
178,571,0,0,0.261576,0.00102,20,5
178,571,0,0,0.238069,0.004017,21,5
178,571,0,0,0.387733,0.00114,21,5
178,571,0,0,0.270346,0.001274,21,5
178,571,0,0,0.262973,0.000999,21,5
178,571,0,0,0.399771,0.001379,21,5
178,571,0,0,0.374591,0.001447,21,5
154,595,0,0,0.374749,0.00135,21,5
149,600,0,0,0.229383,0.000809,21,5
146,603,0,0,0.241195,0.000858,21,5
143,607,0,0,0.336162,0.001496,21,5
139,614,0,0,0.16323,0.00055,21,5
133,629,0,0,0.154371,0.000494,21,5
131,634,0,0,0.175206,0.00092,21,5
129,637,0,0,0.278561,0.000689,21,5
128,640,0,0,0.294332,0.001576,21,5
128,640,0,0,0.359917,0.000947,21,5
128,640,0,0,0.425438,0.005241,22,5
128,640,0,0,0.24104,0.001155,22,5
128,640,0,0,0.272417,0.001139,22,5
128,640,0,0,0.324427,0.00109,22,5
128,640,0,0,0.275186,0.001171,22,5
168,636,0,0,0.397734,0.001638,22,5
214,634,0,0,0.258986,0.001052,22,5
236,631,0,0,0.273112,0.001274,22,5
246,626,0,0,0.239953,0.001647,22,5
250,624,0,0,0.305319,0.000832,22,5
253,623,0,0,0.274773,0.001107,22,5
253,623,0,0,0.276062,0.000827,22,5
253,623,0,0,0.304446,0.005124,23,5
253,623,0,0,0.285042,0.001178,23,5
253,623,0,0,0.285557,0.001055,23,5
253,623,0,0,0.269425,0.000996,23,5
253,623,0,0,0.25084,0.000876,23,5
265,604,0,0,0.270734,0.001366,23,5
285,564,0,0,0.279466,0.000894,23,5
289,556,0,0,0.271065,0.001166,23,5
290,553,0,0,0.281834,0.000962,23,5
290,553,0,0,0.317015,0.000917,23,5
290,553,0,0,0.285553,0.001272,23,5
290,553,0,0,0.30271,0.000911,23,5
290,553,0,0,0.347146,0.006183,24,5
290,553,0,0,0.299846,0.001256,24,5
290,553,0,0,0.298677,0.001136,24,5
290,553,0,0,0.31583,0.001072,24,5
290,553,0,0,0.26032,0.00089,24,5
290,553,0,0,0.29844,0.001132,24,5
290,553,0,0,0.287605,0.000888,24,5
290,553,0,0,0.298381,0.001116,24,5
290,553,0,0,0.355262,0.001399,24,5
324,545,0,0,0.378081,0.000881,24,5
459,543,0,0,0.307989,0.00105,24,5
530,553,0,0,0.368815,0.001,24,5
542,555,0,0,0.320523,0.000954,24,5
544,555,0,0,0.313067,0.00081,24,5
544,555,0,0,0.296831,0.001077,24,5
544,555,0,0,0.339833,0.001098,24,5
544,555,0,0,0.435825,0.001455,24,5
544,555,0,0,0.390632,0.005835,25,5
544,555,0,0,0.332947,0.001163,25,5
544,555,0,0,0.27219,0.000834,25,5
544,555,0,0,0.267877,0.000966,25,5
544,555,0,0,0.4689,0.001446,25,5
542,578,0,0,0.280674,0.000888,25,5
535,633,0,0,0.4968,0.001001,25,5
532,645,0,0,0.325752,0.0007,25,5
532,647,0,0,0.304652,0.001204,25,5
532,649,0,0,0.493572,0.001297,25,5
532,649,0,0,0.349865,0.00087,25,5
532,649,0,0,0.317157,0.005458,26,5
532,649,0,0,0.329594,0.001174,26,5
532,649,0,0,0.359012,0.000899,26,5
532,649,0,0,0.387446,0.000958,26,5
532,649,0,0,0.318922,0.001219,26,5
532,649,0,0,0.351342,0.000837,26,5
532,649,0,0,0.317882,0.000901,26,5
532,649,0,0,0.318868,0.000939,26,5
532,649,0,0,0.350007,0.001065,26,5
532,649,0,0,0.366476,0.001175,26,5
532,649,0,0,0.363022,0.000805,26,5
532,649,0,0,0.426698,0.000952,26,5
553,632,0,0,0.31377,0.001076,26,5
627,581,0,0,0.521969,0.001742,26,5
668,549,0,0,0.357652,0.0008,26,5
700,483,0,0,0.320274,0.001077,26,5
702,451,0,0,0.319204,0.000851,26,5
702,448,0,0,0.319382,0.001184,26,5
702,448,0,0,0.319767,0.000887,26,5
702,448,0,0,0.334212,0.005364,27,5
702,448,0,0,0.317364,0.000936,27,5
702,448,0,0,0.329955,0.001054,27,5
702,448,0,0,0.336097,0.000973,27,5
702,448,0,0,0.360865,0.000791,27,5
702,448,0,0,0.331698,0.000803,27,5
676,439,0,0,0.330333,0.000959,27,5
638,401,0,0,0.355946,0.001085,27,5
612,362,0,0,0.448498,0.00158,27,5
579,320,0,0,0.348283,0.001078,27,5
574,311,0,0,0.359749,0.00084,27,5
573,310,0,0,0.33168,0.000984,27,5
573,310,0,0,0.369266,0.00104,27,5
573,310,0,0,0.334683,0.001011,27,5
573,310,0,0,0.341451,0.005417,28,5
573,310,0,0,0.346656,0.001222,28,5
573,310,0,0,0.464232,0.00128,28,5
573,310,0,0,0.339936,0.001237,28,5
573,310,0,0,0.341813,0.000989,28,5
573,310,0,0,0.361909,0.000958,28,5
573,310,0,0,0.353999,0.001348,28,5
546,306,0,0,0.372886,0.000918,28,5
529,301,0,0,0.34288,0.00085,28,5
517,298,0,0,0.343986,0.001015,28,5
493,296,0,0,0.532525,0.001349,28,5
478,293,0,0,0.353328,0.000647,28,5
455,260,0,0,0.341582,0.001035,28,5
440,216,0,0,0.391095,0.000868,28,5
439,201,0,0,0.347622,0.000881,28,5
440,192,0,0,0.352919,0.000792,28,5
440,190,0,0,0.395625,0.000821,28,5
440,189,0,0,0.366471,0.000934,28,5
440,189,0,0,0.441362,0.006076,29,5
440,189,0,0,0.311918,0.000888,29,5
440,189,0,0,0.377833,0.001,29,5
440,189,0,0,0.361945,0.000899,29,5
440,189,0,0,0.427535,0.0047,29,5
431,188,0,0,0.415208,0.00119,29,5
421,188,0,0,0.412353,0.000936,29,5
417,188,0,0,0.932915,0.001877,29,5
413,188,0,0,0.421577,0.001114,29,5
411,188,0,0,0.307299,0.000786,29,5
411,188,0,0,0.406532,0.001062,29,5
411,188,0,0,0.208095,0.003044,30,5
411,188,0,0,0.192125,0.000512,30,5
411,188,0,0,0.211235,0.00059,30,5
411,188,0,0,0.433289,0.001643,30,5
411,188,0,0,0.479378,0.001239,30,5
411,188,0,0,0.448536,0.000862,30,5
411,188,0,0,0.4266,0.001135,30,5
411,188,0,0,0.404846,0.001125,30,5
411,188,0,0,0.463947,0.000936,30,5
337,192,0,0,0.444116,0.003123,30,5
269,204,0,0,0.408626,0.000912,30,5
232,213,0,0,0.44483,0.001464,30,5
228,214,0,0,0.399902,0.001175,30,5
225,214,0,0,0.43478,0.001314,30,5
224,214,0,0,0.490808,0.001022,30,5
224,214,0,0,0.373889,0.001025,30,5
224,214,0,0,0.443611,0.004976,31,5
224,214,0,0,0.424491,0.001271,31,5
224,214,0,0,0.387072,0.001289,31,5
224,214,0,0,0.439089,0.001613,31,5
224,214,0,0,0.476012,0.001437,31,5
258,203,0,0,0.439105,0.001246,31,5
328,176,0,0,0.501916,0.001488,31,5
360,161,0,0,0.458321,0.001179,31,5
368,156,0,0,0.439285,0.001673,31,5
381,127,0,0,0.440005,0.001286,31,5
383,120,0,0,0.474802,0.001596,31,5
384,114,0,0,0.479472,0.001844,31,5
384,114,0,0,0.489019,0.005983,32,5
384,114,0,0,0.501139,0.00172,32,5
384,114,0,0,0.37123,0.000782,32,5
384,114,0,0,0.421176,0.001046,32,5
384,114,0,0,0.470592,0.000927,32,5
384,114,0,0,0.425958,0.001134,32,5
369,104,0,0,0.428208,0.000983,32,5
302,98,0,0,0.537402,0.00152,32,5
252,96,0,0,0.491732,0.001433,32,5
248,96,0,0,0.497247,0.001347,32,5
245,96,0,0,0.441485,0.001443,32,5
244,96,0,0,0.387862,0.001025,32,5
244,96,0,0,0.389808,0.00093,32,5
244,96,0,0,0.441164,0.008473,33,5
244,96,0,0,0.398064,0.001292,33,5
244,96,0,0,0.402761,0.001125,33,5
244,96,0,0,0.427136,0.0009,33,5
244,96,0,0,0.510736,0.00171,33,5
244,96,0,0,0.351254,0.000679,33,5
244,96,0,0,0.401147,0.001359,33,5
259,110,0,0,0.410166,0.001571,33,5
284,156,0,0,0.349737,0.000857,33,5
284,161,0,0,0.443883,0.001486,33,5
284,163,0,0,0.40047,0.001101,33,5
284,182,0,0,0.414046,0.001028,33,5
283,188,0,0,0.571619,0.001382,33,5
283,190,0,0,0.397868,0.001064,33,5
283,192,0,0,0.424837,0.001043,33,5
283,192,0,0,0.630898,0.001278,33,5
283,192,0,0,0.591865,0.00684,34,5
283,192,0,0,0.509698,0.001189,34,5
283,192,0,0,0.548598,0.001095,34,5
283,192,0,0,0.276161,0.000566,34,5
283,192,0,0,0.162961,0.000475,34,5
321,161,0,0,0.161847,0.000399,34,5
360,132,0,0,0.407202,0.000889,34,5
365,129,0,0,0.413208,0.001159,34,5
367,128,0,0,0.438069,0.001823,34,5
367,128,0,0,0.405922,0.001108,34,5
367,128,0,0,0.360978,0.000861,34,5
367,128,0,0,0.399365,0.00214,34,5
367,128,0,0,0.419897,0.001047,34,5
367,128,0,0,0.358035,0.000791,34,5
367,128,0,0,0.480977,0.006536,35,5
367,128,0,0,0.423319,0.000925,35,5
367,128,0,0,0.657898,0.002004,35,5
367,128,0,0,0.468267,0.000909,35,5
367,128,0,0,0.374121,0.000962,35,5
367,128,0,0,0.423598,0.00098,35,5
404,126,0,0,0.490391,0.001456,35,5
477,122,0,0,0.456942,0.001142,35,5
528,119,0,0,0.366232,0.000906,35,5
567,121,0,0,0.563735,0.001551,35,5
579,123,0,0,0.523947,0.001519,35,5
605,135,0,0,0.601636,0.001413,35,5
621,146,0,0,0.562694,0.001488,35,5
623,148,0,0,0.533988,0.001581,35,5
623,148,0,0,0.588076,0.005724,36,5
623,148,0,0,0.5704,0.001558,36,5
623,148,0,0,0.476426,0.001299,36,5
623,148,0,0,0.573767,0.001423,36,5
623,148,0,0,0.481995,0.001368,36,5
623,148,0,0,0.433672,0.001125,36,5
623,148,0,0,0.430406,0.000996,36,5
624,199,0,0,0.462477,0.000952,36,5
624,257,0,0,0.500338,0.001311,36,5
628,303,0,0,0.518946,0.000836,36,5
633,316,0,0,0.480469,0.000869,36,5
637,326,0,0,0.450498,0.001609,36,5
637,328,0,0,0.432963,0.001042,36,5
637,331,0,0,0.469375,0.000966,36,5
637,331,0,0,0.443001,0.001079,36,5
637,331,0,0,0.481031,0.005599,37,5
637,331,0,0,0.565862,0.001059,37,5
637,331,0,0,0.45826,0.001059,37,5
637,331,0,0,0.564403,0.001081,37,5
637,331,0,0,0.606815,0.001448,37,5
616,294,0,0,0.485301,0.001434,37,5
595,277,0,0,0.510008,0.001298,37,5
566,259,0,0,0.518224,0.001482,37,5
558,253,0,0,0.487773,0.001184,37,5
556,252,0,0,0.585609,0.001049,37,5
555,252,0,0,0.558539,0.001224,37,5
555,252,0,0,0.45313,0.021071,38,5
555,252,0,0,0.484728,0.000967,38,5
555,252,0,0,0.511326,0.001474,38,5
555,252,0,0,0.460751,0.001196,38,5
555,252,0,0,0.482828,0.001613,38,5
555,252,0,0,0.587499,0.001125,38,5
555,252,0,0,0.566909,0.001318,38,5
555,252,0,0,0.605167,0.001328,38,5
555,252,0,0,0.627337,0.001507,38,5
555,252,0,0,0.457669,0.000994,38,5
605,223,0,0,0.506768,0.001387,38,5
653,218,0,0,0.501719,0.000851,38,5
665,218,0,0,0.455744,0.001156,38,5
669,218,0,0,0.483582,0.00097,38,5
669,218,0,0,0.662048,0.000974,38,5
669,218,0,0,0.472278,0.005303,39,5
669,218,0,0,0.600748,0.001465,39,5
669,218,0,0,0.604822,0.001444,39,5
669,218,0,0,0.566797,0.001384,39,5
669,218,0,0,0.604933,0.001621,39,5
655,215,0,0,0.676213,0.001668,39,5
603,198,0,0,0.591435,0.001375,39,5
563,189,0,0,0.597354,0.000936,39,5
549,185,0,0,0.658843,0.001313,39,5
514,176,0,0,0.469597,0.001275,39,5
487,169,0,0,0.675095,0.001612,39,5
469,156,0,0,0.492253,0.000865,39,5
444,143,0,0,0.468749,0.001052,39,5
432,140,0,0,0.491718,0.001059,39,5
426,138,0,0,0.508976,0.000792,39,5
421,138,0,0,0.564292,0.001134,39,5
418,138,0,0,0.548426,0.001084,39,5
415,138,0,0,0.490745,0.001005,39,5
415,138,0,0,0.488826,0.001417,39,5
415,138,0,0,0.504034,0.000847,39,5
415,138,0,1,0.689633,0.001321,39,5
415,138,0,0,0.477739,0.125002,39,5
415,138,0,0,0.520579,0.001027,39,5
415,137,0,0,0.515463,0.001601,39,5
415,137,0,0,0.504069,0.001404,39,5
418,133,0,0,0.534053,0.001094,39,5
429,123,0,0,0.676047,0.001357,39,5
434,120,0,0,0.467452,0.001079,39,5
437,120,0,0,0.470299,0.001007,39,5
442,120,0,0,0.469725,0.00091,39,5
445,120,0,0,0.505827,0.001345,39,5
448,120,0,0,0.453694,0.000979,39,5
451,120,0,1,0.46986,0.00097,39,5
451,120,0,0,0.505451,0.079138,39,5
451,120,0,0,0.471687,0.001012,39,5
451,120,0,0,0.463506,0.000959,39,5
451,120,0,0,0.511295,0.002576,39,5
451,120,0,0,0.471095,0.001226,39,5
451,120,0,0,0.469688,0.001,39,5
451,120,0,0,0.544741,0.001385,39,5
451,120,0,0,0.570512,0.001155,39,5
451,120,0,0,0.589088,0.001969,39,5
451,120,0,0,0.577989,0.002198,39,5
451,120,0,0,0.572417,0.001541,39,5
451,120,0,0,0.601742,0.00143,39,5
440,123,0,0,0.682808,0.001346,39,5
437,123,0,0,0.631775,0.001457,39,5
435,123,0,0,0.554756,0.001522,39,5
434,123,0,0,0.603771,0.001376,39,5
434,123,0,0,0.577857,0.001476,39,5
434,123,0,0,0.705061,0.001446,39,5
434,123,0,0,0.58884,0.001487,39,5
434,123,0,0,0.505896,0.001566,39,5
434,123,0,0,0.440272,0.001062,39,5
434,123,0,0,0.195442,0.001894,39,5
434,123,0,0,0.20631,0.000504,39,5
434,123,0,1,0.234163,0.000928,39,5
434,123,0,0,0.508958,0.057826,38,5
434,123,0,0,0.457263,0.000945,38,5
432,123,0,0,0.493539,0.001148,38,5
432,123,0,0,0.555353,0.001281,38,5
429,122,0,0,0.498171,0.00153,38,5
420,117,0,0,0.534116,0.001239,38,5
415,117,0,0,0.462391,0.001303,38,5
409,116,0,0,0.402218,0.000972,38,5
401,116,0,0,0.455756,0.000728,38,5
398,116,0,0,0.488782,0.001009,38,5
396,116,0,0,0.517725,0.001594,38,5
396,116,0,0,0.484195,0.000994,38,5
394,116,0,0,0.501946,0.000857,38,5
392,116,0,0,0.504804,0.001172,38,5
387,115,0,0,0.397978,0.001233,38,5
384,115,0,0,0.51932,0.001016,38,5
381,115,0,1,0.458372,0.001236,38,5
381,115,0,0,0.472398,0.110235,37,5
381,115,0,0,0.486262,0.000934,37,5
378,115,0,0,0.440817,0.00186,37,5
374,118,0,0,0.493499,0.000925,37,5
369,124,0,0,0.656239,0.00107,37,5
366,127,0,0,0.440213,0.001281,37,5
366,128,0,0,0.520719,0.000971,37,5
366,128,0,0,0.531842,0.000976,37,5
366,128,0,1,0.441376,0.000849,37,5
366,128,0,0,0.44959,0.118614,36,5
366,128,0,0,0.461407,0.000974,36,5
366,128,0,0,0.4342,0.000844,36,5
365,130,0,0,0.538332,0.000856,36,5
396,166,0,0,0.549714,0.001892,36,5
411,182,0,0,0.434933,0.001145,36,5
417,188,0,0,0.593434,0.001,36,5
418,190,0,0,0.463929,0.00101,36,5
418,190,0,0,0.553426,0.001524,36,5
418,190,0,0,0.458505,0.000821,36,5
418,190,0,1,0.521489,0.000827,36,5
418,190,0,0,0.463088,0.11127,35,5
418,190,0,0,0.558781,0.001567,35,5
418,190,0,0,0.642481,0.001335,35,5
418,190,0,0,0.489912,0.000906,35,5
418,190,0,0,0.47394,0.000862,35,5
418,190,0,0,0.468249,0.000929,35,5
421,190,0,0,0.45444,0.001531,35,5
424,190,0,0,0.477727,0.00096,35,5
426,190,0,0,0.539649,0.000989,35,5
429,190,0,0,0.523338,0.001104,35,5
431,190,0,0,0.500247,0.000928,35,5
431,190,0,0,0.501233,0.000848,35,5
434,190,0,0,0.423138,0.001082,35,5
435,190,0,0,0.461261,0.001345,35,5
436,190,0,0,0.456208,0.000958,35,5
436,190,0,0,0.438471,0.001182,35,5
436,190,0,1,0.630007,0.001172,35,5
436,190,0,0,0.405297,0.169208,34,5
436,190,0,0,0.411817,0.001081,34,5
436,191,0,0,0.458938,0.001007,34,5
440,217,0,0,0.448229,0.000906,34,5
440,227,0,0,0.478191,0.001073,34,5
443,244,0,0,0.434624,0.001001,34,5
445,257,0,0,0.441578,0.001,34,5
445,259,0,0,0.583542,0.001554,34,5
445,261,0,0,0.494765,0.001246,34,5
445,261,0,0,0.442024,0.001042,34,5
445,261,0,0,0.424338,0.001373,34,5
445,261,0,0,0.466629,0.00121,34,5
445,261,0,0,0.468003,0.00098,34,5
445,263,0,0,0.413806,0.001386,34,5
447,269,0,0,0.56473,0.001893,34,5
449,278,0,0,0.45442,0.000786,34,5
449,280,0,0,0.414012,0.001163,34,5
449,283,0,1,0.499956,0.001393,34,5
449,283,0,0,0.451497,0.061305,33,5
449,283,0,0,0.472175,0.001206,33,5
449,283,0,0,0.488883,0.001351,33,5
449,283,0,0,0.429964,0.001048,33,5
449,283,0,0,0.467099,0.005197,33,5
449,283,0,0,0.559594,0.001363,33,5
449,283,0,0,0.515712,0.001353,33,5
446,280,0,0,0.581338,0.001548,33,5
443,278,0,1,0.48238,0.001202,33,5
443,278,0,0,0.505407,0.086293,32,5
443,278,0,0,0.484658,0.001369,32,5
443,278,0,0,0.484035,0.001349,32,5
442,277,0,0,0.458483,0.001474,32,5
442,276,0,0,0.500226,0.001219,32,5
442,276,0,0,0.418192,0.001049,32,5
442,276,0,0,0.426797,0.001399,32,5
442,276,0,0,0.427814,0.001222,32,5
442,276,0,0,0.46273,0.001341,32,5
442,276,0,0,0.429625,0.001404,32,5
406,287,0,0,0.430028,0.001534,32,5
388,294,0,0,0.463602,0.001484,32,5
382,295,0,0,0.538941,0.001549,32,5
379,295,0,0,0.423344,0.001421,32,5
378,295,0,0,0.551952,0.001489,32,5
378,297,0,0,0.427537,0.001434,32,5
381,301,0,0,0.435741,0.001321,32,5
382,301,0,0,0.461951,0.001446,32,5
385,301,0,0,0.430686,0.001586,32,5
385,301,0,0,0.439254,0.001303,32,5
385,301,0,0,0.518219,0.001288,32,5
385,301,0,1,0.372115,0.001306,32,5
385,301,0,0,0.370261,0.051917,31,5
385,301,0,0,0.435747,0.000845,31,5
386,301,0,0,0.412418,0.001625,31,5
386,301,0,0,0.430357,0.001291,31,5
386,301,0,0,0.533231,0.001537,31,5
366,285,0,0,0.410847,0.001369,31,5
317,263,0,0,0.505391,0.001454,31,5
269,242,0,0,0.449035,0.001523,31,5
249,228,0,0,0.465084,0.00138,31,5
232,206,0,0,0.429661,0.00149,31,5
226,198,0,0,0.578422,0.00144,31,5
222,192,0,0,0.422309,0.001444,31,5
214,182,0,0,0.364948,0.001417,31,5
212,179,0,0,0.395004,0.001069,31,5
210,179,0,0,0.193912,0.000626,31,5
209,181,0,0,0.164355,0.000519,31,5
209,189,0,0,0.195109,0.000998,31,5
209,192,0,0,0.408777,0.001418,31,5
209,195,0,0,0.587616,0.001827,31,5
209,198,0,0,0.525813,0.001275,31,5
209,200,0,0,0.424534,0.001405,31,5
207,201,0,0,0.478224,0.001539,31,5
198,201,0,0,0.514659,0.001302,31,5
190,198,0,0,0.482548,0.001863,31,5
188,198,0,0,0.481704,0.001346,31,5
187,198,0,1,0.574788,0.001365,31,5
187,198,0,0,0.450446,0.095059,31,5
187,198,0,0,0.479576,0.001458,31,5
187,198,0,0,0.587816,0.001583,31,5
202,203,0,0,0.492381,0.001292,31,5
219,212,0,0,0.562907,0.00149,31,5
222,214,0,0,0.433561,0.001098,31,5
225,216,0,0,0.37497,0.002745,31,5
225,216,0,0,0.375756,0.001131,31,5
225,216,0,0,0.467589,0.000936,31,5
225,216,0,0,0.438176,0.001685,31,5
225,216,0,0,0.4385,0.001725,31,5
225,216,0,0,0.399779,0.00096,31,5
225,216,0,1,0.518595,0.000994,31,5
225,216,0,0,0.503016,0.108292,30,5
225,216,0,0,0.457608,0.00132,30,5
225,216,0,0,0.364226,0.001453,30,5
225,216,0,0,0.367643,0.001197,30,5
224,212,0,0,0.524064,0.000803,30,5
223,210,0,0,0.426864,0.001279,30,5
220,206,0,0,0.522078,0.001625,30,5
218,203,0,0,0.589281,0.001725,30,5
218,203,0,0,0.31609,0.000806,30,5
217,201,0,0,0.397508,0.001,30,5
215,201,0,0,0.401269,0.001056,30,5
213,201,0,0,0.493717,0.001186,30,5
207,201,0,0,0.498692,0.001243,30,5
203,201,0,0,0.473886,0.001627,30,5
201,201,0,0,0.494068,0.001343,30,5
200,201,0,0,0.559473,0.001186,30,5
200,201,0,1,0.61946,0.001488,30,5
200,201,0,0,0.410486,0.019178,29,5
200,201,0,0,0.449181,0.001198,29,5
200,201,0,0,0.353593,0.001341,29,5
200,192,0,0,0.502934,0.001411,29,5
200,173,0,0,0.482962,0.001181,29,5
200,170,0,0,0.392265,0.001534,29,5
200,166,0,0,0.529891,0.001649,29,5
200,164,0,0,0.335249,0.000762,29,5
200,164,0,0,0.354822,0.001037,29,5
200,164,0,1,0.54991,0.001735,29,5
200,164,0,0,0.447556,0.087536,29,4
200,164,0,0,0.354737,0.001038,29,4
200,164,0,0,0.353417,0.001308,29,4
200,164,0,0,0.377359,0.001053,29,4
200,164,0,0,0.509286,0.001809,29,4
200,164,0,0,0.488606,0.0014,29,4
200,164,0,0,0.564066,0.001581,29,4
200,164,0,0,0.459402,0.001165,29,4
152,115,0,0,0.53577,0.001404,29,4
132,100,0,0,0.520413,0.001297,29,4
117,92,0,0,0.447625,0.001622,29,4
112,89,0,0,0.48007,0.001511,29,4
111,88,0,0,0.531007,0.00171,29,4
105,86,0,0,0.342009,0.000986,29,4
102,86,0,0,0.347885,0.001177,29,4
98,85,0,0,0.407863,0.001656,29,4
96,85,0,0,0.439083,0.000837,29,4
96,85,0,0,0.361661,0.000983,29,4
95,85,0,0,0.433766,0.001083,29,4
93,85,0,0,0.583951,0.004267,29,4
93,86,0,0,0.353767,0.001261,29,4
93,89,0,0,0.453259,0.000988,29,4
93,92,0,0,0.534359,0.003552,29,4
93,94,0,0,0.493541,0.0014,29,4
93,95,0,0,0.556574,0.001592,29,4
93,95,0,0,0.529172,0.001521,29,4
93,95,0,0,0.504878,0.001512,29,4
93,96,0,0,0.498763,0.001268,29,4
93,96,0,0,0.452896,0.001509,29,4
93,96,0,1,0.500123,0.001615,29,4
93,96,0,0,0.426992,0.018484,28,4
93,96,0,0,0.461412,0.001598,28,4
93,96,0,0,0.510396,0.001547,28,4
93,96,0,0,0.45964,0.001296,28,4
93,96,0,0,0.399707,0.000943,28,4
93,96,0,0,0.49275,0.001075,28,4
130,116,0,0,0.552101,0.001602,28,4
202,139,0,0,0.397474,0.001123,28,4
234,144,0,0,0.437832,0.00108,28,4
239,144,0,0,0.367405,0.000882,28,4
242,143,0,0,0.359008,0.001852,28,4
245,140,0,0,0.344921,0.001013,28,4
247,137,0,0,0.393363,0.000881,28,4
249,131,0,0,0.399325,0.0009,28,4
249,119,0,0,0.523882,0.001586,28,4
249,116,0,0,0.321369,0.0009,28,4
249,114,0,0,0.433392,0.001945,28,4
249,114,0,0,0.517628,0.001748,28,4
249,114,0,0,0.405407,0.001275,28,4
248,110,0,0,0.570299,0.001431,28,4
246,103,0,0,0.366127,0.001136,28,4
246,100,0,0,0.447381,0.00136,28,4
246,99,0,0,0.575568,0.001063,28,4
246,99,0,0,0.448599,0.001142,28,4
246,99,0,0,0.475255,0.001131,28,4
246,99,0,0,0.398791,0.000995,28,4
246,99,0,1,0.341916,0.000869,28,4
246,99,0,0,0.496634,0.10619,27,4
246,99,0,0,0.332915,0.000902,27,4
246,99,0,0,0.331308,0.000923,27,4
246,99,0,0,0.622226,0.0008,27,4
246,99,0,0,0.325834,0.00104,27,4
246,99,0,0,0.408431,0.001306,27,4
246,99,0,0,0.390553,0.001385,27,4
254,112,0,0,0.368507,0.001436,27,4
273,149,0,0,0.416641,0.001485,27,4
282,186,0,0,0.370529,0.001314,27,4
283,200,0,0,0.375231,0.001202,27,4
283,207,0,0,0.225863,0.000704,27,4
282,210,0,0,0.176365,0.000508,27,4
282,211,0,0,0.167553,0.00054,27,4
282,211,0,0,0.365873,0.000996,27,4
282,211,0,0,0.430412,0.001219,27,4
282,211,0,0,0.484156,0.001458,27,4
282,200,0,0,0.496074,0.001417,27,4
282,197,0,0,0.42641,0.001307,27,4
282,195,0,0,0.411041,0.001124,27,4
282,195,0,0,0.461048,0.000836,27,4
282,195,0,0,0.359095,0.00098,27,4
282,195,0,0,0.326463,0.000719,27,4
282,195,0,1,0.441628,0.001347,27,4
282,195,0,0,0.358803,0.141928,26,4
282,195,0,0,0.386548,0.001291,26,4
279,194,0,0,0.404816,0.000961,26,4
279,235,0,0,0.428624,0.001522,26,4
283,261,0,0,0.416853,0.001375,26,4
286,276,0,0,0.38687,0.00097,26,4
290,288,0,0,0.384448,0.001221,26,4
290,292,0,0,0.393181,0.001281,26,4
290,294,0,0,0.416051,0.001518,26,4
290,295,0,0,0.390732,0.001448,26,4
290,295,0,0,0.392476,0.001331,26,4
290,295,0,0,0.42838,0.001208,26,4
290,295,0,0,0.410701,0.001251,26,4
290,295,0,0,0.365001,0.001222,26,4
290,295,0,0,0.446858,0.001373,26,4
293,298,0,0,0.425654,0.001519,26,4
295,300,0,0,0.420838,0.001311,26,4
296,301,0,0,0.459787,0.001316,26,4
298,302,0,0,0.425911,0.001456,26,4
298,302,0,0,0.460674,0.001615,26,4
299,302,0,1,0.462043,0.001509,26,4
299,302,0,0,0.407589,0.030403,25,4
299,302,0,0,0.403962,0.001317,25,4
299,302,0,0,0.448545,0.002116,25,4
299,302,0,0,0.4376,0.001606,25,4
299,302,0,0,0.269973,0.000892,25,4
299,302,0,0,0.284973,0.000816,25,4
299,302,0,0,0.412449,0.001612,25,4
296,308,0,0,0.369517,0.00128,25,4
271,349,0,0,0.356518,0.001383,25,4
265,365,0,0,0.356432,0.001263,25,4
262,372,0,0,0.352399,0.001022,25,4
262,375,0,0,0.45018,0.001304,25,4
262,375,0,0,0.411697,0.00169,25,4
262,375,0,0,0.419764,0.001299,25,4
262,375,0,0,0.46511,0.001525,25,4
262,375,0,0,0.35577,0.001223,25,4
264,371,0,0,0.305532,0.001055,25,4
266,367,0,0,0.340164,0.001042,25,4
266,366,0,0,0.404197,0.001641,25,4
266,365,0,0,0.308473,0.001063,25,4
266,365,0,0,0.454964,0.001542,25,4
266,365,0,0,0.403054,0.001511,25,4
266,365,0,0,0.380471,0.001702,25,4
266,365,0,0,0.364872,0.001093,25,4
266,364,0,1,0.344715,0.001113,25,4
267,363,0,0,0.306775,0.043522,24,4
267,362,0,0,0.358087,0.000939,24,4
267,362,0,0,0.346791,0.001129,24,4
267,362,0,0,0.2986,0.001251,24,4
267,362,0,0,0.310428,0.00074,24,4
267,362,0,0,0.368531,0.001385,24,4
267,362,0,0,0.297154,0.000998,24,4
266,362,0,0,0.329595,0.001076,24,4
243,368,0,0,0.392641,0.001527,24,4
231,374,0,0,0.410489,0.001327,24,4
220,379,0,0,0.441129,0.001641,24,4
214,382,0,0,0.412948,0.001492,24,4
211,384,0,0,0.450116,0.001269,24,4
207,388,0,0,0.372503,0.001437,24,4
204,391,0,0,0.293128,0.001071,24,4
202,391,0,0,0.294498,0.001117,24,4
199,391,0,0,0.302645,0.001019,24,4
199,391,0,0,0.29422,0.001159,24,4
197,392,0,0,0.300776,0.000952,24,4
194,399,0,0,0.372508,0.001029,24,4
191,407,0,0,0.293266,0.000958,24,4
191,411,0,0,0.398312,0.001852,24,4
191,413,0,1,0.352815,0.001055,24,4
191,413,0,0,0.286168,0.055753,24,4
191,413,0,0,0.296506,0.001024,24,4
191,413,0,0,0.321873,0.001097,24,4
191,413,0,0,0.292823,0.001181,24,4
191,413,0,0,0.47906,0.001363,24,4
193,412,0,0,0.319102,0.000843,24,4
197,410,0,0,0.32574,0.001155,24,4
201,407,0,0,0.387358,0.001135,24,4
202,407,0,0,0.351509,0.001085,24,4
205,407,0,0,0.264242,0.000773,24,4
206,407,0,1,0.296486,0.001016,24,4
206,407,0,0,0.341655,0.026269,23,4
206,407,0,0,0.287232,0.000882,23,4
206,407,0,0,0.287753,0.000957,23,4
206,407,0,0,0.40589,0.001145,23,4
206,407,0,0,0.280318,0.000862,23,4
206,407,0,0,0.285925,0.000964,23,4
206,407,0,0,0.301355,0.001239,23,4
197,361,0,0,0.288645,0.0009,23,4
191,348,0,0,0.406394,0.001288,23,4
183,333,0,0,0.383741,0.001796,23,4
180,329,0,0,0.281034,0.000822,23,4
179,328,0,0,0.332244,0.001673,23,4
174,323,0,0,0.331491,0.001169,23,4
168,319,0,0,0.315006,0.000974,23,4
166,319,0,0,0.246639,0.000779,23,4
162,319,0,0,0.257559,0.000789,23,4
156,319,0,0,0.246583,0.000697,23,4
153,321,0,0,0.28228,0.001915,23,4
150,324,0,0,0.285512,0.000811,23,4
148,326,0,0,0.286618,0.001595,23,4
146,326,0,0,0.286563,0.000862,23,4
144,326,0,1,0.390378,0.001113,23,4
144,326,0,0,0.352874,0.047838,22,4
144,326,0,0,0.404616,0.001285,22,4
144,326,0,0,0.340263,0.001199,22,4
144,326,0,0,0.34118,0.001132,22,4
144,327,0,0,0.384373,0.001266,22,4
145,398,0,0,0.172024,0.000561,22,4
147,435,0,0,0.107335,0.000421,22,4
146,455,0,0,0.146565,0.000459,22,4
146,458,0,0,0.260064,0.000979,22,4
146,460,0,0,0.325968,0.001125,22,4
145,463,0,0,0.407954,0.001206,22,4
142,467,0,0,0.378366,0.001412,22,4
134,471,0,0,0.386832,0.001179,22,4
122,481,0,0,0.299477,0.0015,22,4
119,484,0,0,0.275482,0.000875,22,4
116,487,0,0,0.316226,0.001213,22,4
115,488,0,0,0.309888,0.001258,22,4
115,488,0,0,0.238845,0.00076,22,4
115,488,0,0,0.276172,0.000835,22,4
115,488,0,1,0.373485,0.001721,22,4
115,488,0,0,0.261284,0.039094,21,4
115,488,0,0,0.262984,0.001912,21,4
115,488,0,0,0.352414,0.001349,21,4
120,502,0,0,0.325371,0.001493,21,4
136,534,0,0,0.29364,0.001108,21,4
148,559,0,0,0.285077,0.001034,21,4
153,571,0,0,0.282153,0.001087,21,4
153,574,0,0,0.344649,0.001345,21,4
153,575,0,0,0.365289,0.001667,21,4
153,575,0,0,0.292721,0.001808,21,4
153,575,0,0,0.26246,0.001062,21,4
153,575,0,0,0.276248,0.001034,21,4
154,576,0,0,0.263462,0.000895,21,4
158,579,0,0,0.262523,0.001055,21,4
168,579,0,0,0.306912,0.001063,21,4
174,579,0,0,0.264858,0.001325,21,4
176,579,0,0,0.261246,0.001453,21,4
177,579,0,0,0.327333,0.001182,21,4
177,579,0,0,0.262587,0.001113,21,4
177,579,0,1,0.261254,0.001165,21,4
177,579,0,0,0.441244,0.042904,20,4
177,579,0,0,0.221047,0.000885,20,4
177,579,0,0,0.22228,0.000917,20,4
177,579,0,0,0.303796,0.00077,20,4
177,585,0,0,0.26003,0.001107,20,4
172,601,0,0,0.250277,0.001117,20,4
155,634,0,0,0.375244,0.001653,20,4
151,644,0,0,0.252971,0.001051,20,4
149,648,0,0,0.286458,0.001174,20,4
149,650,0,0,0.275215,0.0011,20,4
149,650,0,0,0.281121,0.001403,20,4
149,650,0,0,0.294094,0.001411,20,4
143,647,0,0,0.289224,0.001215,20,4
139,641,0,0,0.218996,0.000911,20,4
137,639,0,0,0.247253,0.000895,20,4
137,639,0,0,0.279315,0.000881,20,4
137,639,0,0,0.247986,0.000844,20,4
137,639,0,0,0.221541,0.000708,20,4
137,639,0,0,0.260849,0.000953,20,4
137,639,0,0,0.248887,0.000785,20,4
137,639,0,0,0.26488,0.000923,20,4
137,639,0,1,0.388917,0.001437,20,4
137,639,0,0,0.224689,0.038027,19,4
137,639,0,0,0.224997,0.000851,19,4
137,639,0,0,0.275708,0.000852,19,4
137,639,0,0,0.09991,0.000464,19,4
137,639,0,0,0.116022,0.000459,19,4
137,639,0,0,0.129583,0.000648,19,4
137,639,0,0,0.31334,0.001291,19,4
155,651,0,0,0.314238,0.001473,19,4
206,687,0,0,0.295873,0.001278,19,4
236,702,0,0,0.252652,0.001072,19,4
244,707,0,0,0.237883,0.001209,19,4
247,710,0,0,0.276677,0.001188,19,4
247,710,0,0,0.242023,0.000929,19,4
247,710,0,0,0.21208,0.000898,19,4
247,710,0,0,0.251347,0.001036,19,4
250,708,0,0,0.239917,0.001512,19,4
250,706,0,0,0.241023,0.001169,19,4
250,703,0,0,0.279636,0.000767,19,4
250,700,0,0,0.235886,0.000884,19,4
250,695,0,0,0.339317,0.001534,19,4
250,693,0,0,0.291837,0.000964,19,4
249,690,0,0,0.239319,0.000912,19,4
244,688,0,0,0.255201,0.001422,19,4
241,688,0,0,0.303983,0.001125,19,4
239,688,0,0,0.274183,0.001131,19,4
239,688,0,0,0.239469,0.000838,19,4
239,688,0,0,0.312832,0.000845,19,4
239,688,0,0,0.209207,0.000953,19,4
239,688,0,0,0.242541,0.001023,19,4
239,687,0,0,0.324241,0.001601,19,4
239,685,0,0,0.27956,0.001073,19,4
237,682,0,0,0.250849,0.000972,19,4
237,681,0,0,0.286943,0.001,19,4
237,681,0,1,0.237339,0.001072,19,4
237,681,0,0,0.225321,0.037345,18,4
237,681,0,0,0.329438,0.001647,18,4
237,681,0,0,0.338306,0.001409,18,4
237,681,0,0,0.353608,0.001349,18,4
237,681,0,0,0.346691,0.001443,18,4
242,665,0,0,0.336048,0.001618,18,4
248,654,0,0,0.409906,0.001404,18,4
249,652,0,0,0.324721,0.001475,18,4
249,650,0,0,0.327756,0.001421,18,4
253,642,0,0,0.199973,0.000824,18,4
254,638,0,0,0.237975,0.00138,18,4
254,638,0,0,0.256468,0.001069,18,4
254,638,0,0,0.230853,0.001094,18,4
254,638,0,0,0.389972,0.029337,18,4
254,638,0,0,0.328826,0.213802,18,4
254,638,0,0,0.226843,0.0009,18,4
254,638,0,1,0.225796,0.00079,18,4
254,638,0,0,0.235888,0.043019,18,4
254,638,0,0,0.22616,0.001322,18,4
254,638,0,0,0.23226,0.001095,18,4
254,638,0,0,0.246558,0.000858,18,4
254,638,0,0,0.228807,0.000879,18,4
254,638,0,0,0.264355,0.000865,18,4
254,638,0,0,0.271744,0.001179,18,4
269,617,0,0,0.267213,0.001309,18,4
274,607,0,0,0.297838,0.001168,18,4
275,606,0,0,0.279314,0.00133,18,4
275,606,0,0,0.317798,0.001265,18,4
275,606,0,0,0.282342,0.001076,18,4
275,606,0,0,0.118206,0.0005,18,4
274,608,0,0,0.088859,0.000394,18,4
271,611,0,0,0.123635,0.000338,18,4
268,613,0,0,0.176995,0.000818,18,4
263,617,0,0,0.227079,0.001121,18,4
262,618,0,0,0.242565,0.000881,18,4
260,618,0,0,0.229043,0.000918,18,4
258,620,0,0,0.269962,0.000819,18,4
258,620,0,0,0.225184,0.001,18,4
258,621,0,0,0.227357,0.000916,18,4
258,622,0,1,0.256857,0.001059,18,4
258,622,0,0,0.350468,0.063873,17,4
258,622,0,0,0.216026,0.001178,17,4
258,622,0,0,0.216952,0.000813,17,4
258,622,0,0,0.251327,0.001364,17,4
258,622,0,0,0.215888,0.000794,17,4
258,622,0,0,0.310204,0.001411,17,4
278,593,0,0,0.25807,0.001833,17,4
287,579,0,0,0.21686,0.000978,17,4
287,578,0,0,0.337488,0.001231,17,4
287,577,0,0,0.215731,0.001151,17,4
287,576,0,0,0.216112,0.000894,17,4
287,576,0,0,0.333775,0.001608,17,4
287,576,0,0,0.218632,0.001464,17,4
287,576,0,0,0.231011,0.001638,17,4
287,573,0,0,0.36512,0.001094,17,4
287,570,0,0,0.355833,0.002144,17,4
287,567,0,0,0.218636,0.000854,17,4
287,565,0,0,0.298912,0.001244,17,4
287,565,0,0,0.304626,0.001534,17,4
287,565,0,0,0.323648,0.001151,17,4
287,565,0,0,0.413066,0.001213,17,4
287,565,0,0,0.358409,0.001727,17,4
287,565,0,0,0.359901,0.001731,17,4
287,565,0,1,0.383863,0.001792,17,4
287,565,0,0,0.241799,0.050014,17,4
287,565,0,0,0.219708,0.001065,17,4
287,565,0,0,0.23837,0.000939,17,4
287,565,0,0,0.21994,0.001048,17,4
287,565,0,0,0.216615,0.001115,17,4
287,565,0,0,0.39417,0.001286,17,4
287,565,0,0,0.359325,0.001954,17,4
287,565,0,0,0.254438,0.001526,17,4
290,523,0,0,0.254104,0.001151,17,4
290,521,0,0,0.270934,0.001112,17,4
290,521,0,0,0.218313,0.001129,17,4
290,521,0,0,0.339725,0.001359,17,4
290,521,0,0,0.310178,0.001478,17,4
290,521,0,0,0.307076,0.001403,17,4
290,521,0,0,0.406068,0.001696,17,4
290,522,0,0,0.311552,0.001435,17,4
290,525,0,0,0.367281,0.001642,17,4
290,527,0,0,0.410951,0.003983,17,4
291,530,0,0,0.358837,0.001582,17,4
291,533,0,0,0.359339,0.00161,17,4
291,535,0,0,0.353932,0.001405,17,4
292,538,0,0,0.579795,0.001848,17,4
292,541,0,0,0.228644,0.000982,17,4
292,541,0,0,0.311275,0.00148,17,4
292,541,0,0,0.287952,0.001615,17,4
292,541,0,0,0.215072,0.00135,17,4
292,541,0,0,0.290284,0.00141,17,4
292,541,0,0,0.263879,0.001425,17,4
292,543,0,0,0.260287,0.001371,17,4
292,543,0,0,0.406083,0.001616,17,4
292,545,0,0,0.219238,0.001256,17,4
292,549,0,0,0.217855,0.000971,17,4
292,552,0,0,0.262868,0.000963,17,4
292,553,0,1,0.25221,0.000993,17,4
291,554,0,0,0.231099,0.045975,16,4
291,554,0,0,0.242785,0.000917,16,4
291,554,0,0,0.245852,0.001591,16,4
291,554,0,0,0.247386,0.001541,16,4
291,554,0,0,0.266558,0.000949,16,4
291,554,0,0,0.203947,0.001018,16,4
291,554,0,0,0.205865,0.001113,16,4
291,554,0,0,0.222928,0.00093,16,4
291,554,0,0,0.204767,0.001,16,4
291,554,0,0,0.204623,0.001144,16,4
280,483,0,0,0.257936,0.001157,16,4
277,477,0,0,0.291818,0.001635,16,4
273,465,0,0,0.202272,0.001161,16,4
272,464,0,0,0.227202,0.00081,16,4
272,464,0,0,0.21578,0.020578,16,4
272,464,0,0,0.204703,0.001389,16,4
272,464,0,0,0.238451,0.000866,16,4
272,464,0,0,0.205916,0.000868,16,4
272,464,0,0,0.207125,0.000778,16,4
270,464,0,0,0.243879,0.001038,16,4
269,464,0,0,0.217218,0.001262,16,4
268,463,0,0,0.208712,0.000875,16,4
265,467,0,0,0.243447,0.000976,16,4
265,472,0,0,0.204766,0.000889,16,4
265,475,0,0,0.207363,0.001669,16,4
265,475,0,0,0.235893,0.001799,16,4
265,475,0,0,0.294969,0.001602,16,4
265,475,0,0,0.292619,0.001213,16,4
265,475,0,0,0.374408,0.001579,16,4
265,475,0,0,0.291725,0.001524,16,4
265,475,0,1,0.342214,0.001527,16,4
265,475,0,0,0.31899,0.026198,15,4
265,475,0,0,0.336407,0.001669,15,4
265,475,0,0,0.275976,0.0014,15,4
265,475,0,0,0.449867,0.001286,15,4
265,475,0,0,0.277576,0.001341,15,4
265,475,0,0,0.275835,0.001363,15,4
265,475,0,0,0.320475,0.001297,15,4
269,473,0,0,0.292326,0.001514,15,4
287,462,0,0,0.168382,0.000834,15,4
305,440,0,0,0.242987,0.000983,15,4
306,438,0,0,0.27279,0.001614,15,4
306,437,0,0,0.194864,0.000867,15,4
306,437,0,0,0.216181,0.00099,15,4
306,437,0,0,0.239758,0.001386,15,4
309,435,0,0,0.237893,0.001465,15,4
314,433,0,0,0.224704,0.001073,15,4
317,432,0,0,0.224037,0.001691,15,4
320,432,0,0,0.194971,0.001006,15,4
320,432,0,0,0.218035,0.000882,15,4
320,432,0,0,0.189338,0.001262,15,4
321,431,0,1,0.075637,0.000276,15,4
322,430,0,0,0.069796,0.017751,14,4
322,430,0,0,0.085008,0.000653,14,4
324,428,0,0,0.181488,0.000973,14,4
324,428,0,0,0.189531,0.000778,14,4
324,428,0,0,0.183509,0.001264,14,4
325,426,0,0,0.21157,0.001389,14,4
328,424,0,0,0.216861,0.001009,14,4
341,416,0,0,0.304245,0.001563,14,4
365,409,0,0,0.26209,0.001278,14,4
388,405,0,0,0.260589,0.001331,14,4
415,403,0,0,0.182959,0.001,14,4
422,403,0,0,0.198004,0.000905,14,4
425,403,0,0,0.18175,0.00112,14,4
425,403,0,0,0.180772,0.001077,14,4
425,403,0,0,0.210083,0.001466,14,4
425,403,0,0,0.221332,0.000915,14,4
425,403,0,1,0.179565,0.001137,14,4
425,403,0,0,0.173074,0.038027,14,4
412,409,0,0,0.22561,0.000814,14,4
402,411,0,0,0.160708,0.000922,14,4
400,411,0,0,0.18256,0.001083,14,4
397,411,0,0,0.300398,0.001235,14,4
396,411,0,0,0.260897,0.001499,14,4
396,411,0,0,0.210905,0.001456,14,4
396,411,0,0,0.210426,0.000967,14,4
396,411,0,1,0.23604,0.001734,14,4
396,411,0,0,0.236795,0.043273,14,4
396,411,0,0,0.211591,0.000992,14,4
396,411,0,0,0.181011,0.001375,14,4
396,411,0,0,0.188438,0.000949,14,4
396,411,0,0,0.201915,0.000978,14,4
396,411,0,0,0.187159,0.00148,14,4
398,398,0,0,0.213,0.001263,14,4
398,396,0,0,0.21998,0.001297,14,4
398,396,0,0,0.26193,0.001538,14,4
398,396,0,0,0.188456,0.001101,14,4
398,396,0,0,0.261228,0.001487,14,4
398,396,0,0,0.261281,0.001488,14,4
398,396,0,1,0.289012,0.001385,14,4
398,396,0,0,0.239914,0.0475,13,4
398,396,0,0,0.247037,0.001678,13,4
398,396,0,0,0.247558,0.001394,13,4
398,396,0,0,0.298995,0.001813,13,4
398,396,0,0,0.284647,0.001542,13,4
398,396,0,0,0.243375,0.001317,13,4
398,396,0,0,0.241907,0.001202,13,4
398,396,0,0,0.245139,0.001304,13,4
398,396,0,0,0.242874,0.001269,13,4
398,396,0,0,0.257226,0.001243,13,4
403,297,0,0,0.243855,0.00126,13,4
394,264,0,0,0.284273,0.001368,13,4
390,250,0,0,0.214638,0.001069,13,4
389,248,0,0,0.18846,0.001109,13,4
389,248,0,0,0.183111,0.001299,13,4
389,247,0,0,0.224976,0.001171,13,4
389,243,0,0,0.236217,0.001479,13,4
389,243,0,0,0.146328,0.000889,13,4
389,243,0,0,0.15793,0.000743,13,4
389,243,0,0,0.066496,0.000483,13,4
389,243,0,0,0.075552,0.000476,13,4
389,243,0,0,0.115863,0.000607,13,4
389,243,0,0,0.173022,0.000722,13,4
389,243,0,1,0.227939,0.001261,13,4
391,243,0,0,0.163111,0.038035,13,4
391,243,0,0,0.172021,0.00116,13,4
391,243,0,0,0.240416,0.001531,13,4
391,243,0,0,0.246647,0.00138,13,4
391,243,0,0,0.213053,0.001196,13,4
391,243,0,0,0.20776,0.00426,13,4
391,243,0,0,0.179285,0.001113,13,4
391,243,0,0,0.167302,0.001574,13,4
391,243,0,0,0.150398,0.000848,13,4
392,246,0,0,0.172655,0.003223,13,4
392,249,0,0,0.208857,0.001377,13,4
392,250,0,0,0.230952,0.001685,13,4
389,246,0,0,0.242284,0.001519,13,4
388,244,0,0,0.246011,0.001715,13,4
388,240,0,0,0.298525,0.001379,13,4
388,237,0,0,0.235691,0.001442,13,4
388,235,0,0,0.247021,0.00156,13,4
388,235,0,0,0.232435,0.00108,13,4
388,235,0,0,0.19786,0.001219,13,4
388,235,0,1,0.16994,0.001002,13,4
388,235,0,0,0.267694,0.018871,12,4
388,235,0,0,0.201917,0.001472,12,4
388,235,0,0,0.160636,0.001052,12,4
388,235,0,0,0.213435,0.00091,12,4
388,235,0,0,0.157082,0.001176,12,4
410,311,0,0,0.15817,0.001213,12,4
421,367,0,0,0.165292,0.000918,12,4
429,410,0,0,0.234694,0.001667,12,4
434,425,0,0,0.196227,0.001471,12,4
440,438,0,0,0.245573,0.001316,12,4
443,444,0,0,0.213853,0.001585,12,4
443,445,0,0,0.244916,0.001287,12,4
443,447,0,0,0.244751,0.001572,12,4
443,447,0,0,0.258583,0.001637,12,4
444,447,0,0,0.161855,0.001062,12,4
445,447,0,0,0.295217,0.001244,12,4
448,445,0,0,0.224239,0.001488,12,4
451,443,0,0,0.225193,0.001525,12,4
453,443,0,0,0.252868,0.017607,12,4
454,443,0,0,0.215797,0.001577,12,4
455,443,0,0,0.197646,0.001248,12,4
456,443,0,0,0.23194,0.001073,12,4
457,442,0,0,0.227112,0.001822,12,4
457,442,0,0,0.275892,0.001559,12,4
457,442,0,1,0.26442,0.002754,12,4
457,442,0,0,0.209379,0.020327,11,4
457,442,0,0,0.209556,0.001333,11,4
457,442,0,0,0.277828,0.001474,11,4
457,442,0,0,0.210416,0.001849,11,4
461,437,0,0,0.209226,0.001418,11,4
472,418,0,0,0.240244,0.001552,11,4
487,395,0,0,0.245833,0.001577,11,4
511,368,0,0,0.245417,0.001412,11,4
518,360,0,0,0.240172,0.001261,11,4
519,359,0,0,0.183711,0.001225,11,4
519,359,0,0,0.185163,0.001286,11,4
519,359,0,0,0.07706,0.000529,11,4
519,359,0,0,0.083779,0.011957,11,4
519,359,0,0,0.097519,0.00061,11,4
519,359,0,0,0.24101,0.001443,11,4
519,359,0,0,0.176827,0.001483,11,4
519,359,0,0,0.172269,0.001229,11,4
519,359,0,1,0.256578,0.001131,11,4
519,359,0,0,0.190746,0.01574,10,4
519,359,0,0,0.155598,0.001275,10,4
520,359,0,0,0.209101,0.001248,10,4
521,359,0,0,0.156954,0.001579,10,4
522,359,0,0,0.210437,0.001521,10,4
522,360,0,0,0.178326,0.000864,10,4
522,360,0,0,0.136803,0.001403,10,4
522,360,0,0,0.134167,0.000869,10,4
524,360,0,0,0.225861,0.001577,10,4
539,348,0,0,0.171429,0.001446,10,4
552,338,0,0,0.12129,0.000799,10,4
561,332,0,0,0.118689,0.000774,10,4
563,332,0,0,0.158437,0.001178,10,4
563,332,0,0,0.134716,0.000927,10,4
563,332,0,0,0.234727,0.001115,10,4
564,331,0,0,0.137526,0.001034,10,4
564,331,0,0,0.183656,0.001246,10,4
564,328,0,0,0.194561,0.000971,10,4
564,326,0,0,0.156502,0.001267,10,4
564,326,0,0,0.194014,0.001619,10,4
565,322,0,0,0.249552,0.00165,10,4
564,319,0,0,0.191735,0.001503,10,4
562,317,0,1,0.19391,0.001453,10,4
559,317,0,0,0.218033,0.016893,9,4
557,317,0,0,0.161322,0.001474,9,4
557,317,0,0,0.16074,0.001322,9,4
557,317,0,0,0.195114,0.001372,9,4
557,317,0,0,0.168028,0.001334,9,4
565,317,0,0,0.165553,0.001449,9,4
577,315,0,0,0.204398,0.001505,9,4
585,312,0,0,0.177807,0.001695,9,4
587,312,0,0,0.164308,0.001514,9,4
587,312,0,0,0.1989,0.001391,9,4
587,312,0,1,0.1565,0.001459,9,4
587,312,0,0,0.194885,0.056826,9,4
587,312,0,0,0.21176,0.001234,9,4
586,312,0,0,0.165659,0.001395,9,4
581,312,0,0,0.165716,0.001635,9,4
578,312,0,0,0.170136,0.001794,9,4
576,312,0,0,0.125969,0.001241,9,4
576,312,0,0,0.160262,0.001713,9,4
576,312,0,0,0.189652,0.00128,9,4
576,312,0,1,0.123564,0.001066,9,4
573,313,0,0,0.111796,0.027454,8,4
573,313,0,0,0.11334,0.00096,8,4
573,313,0,0,0.110815,0.000815,8,4
573,313,0,0,0.115482,0.001125,8,4
573,313,0,0,0.154076,0.000888,8,4
569,305,0,0,0.15914,0.001094,8,4
567,296,0,0,0.156782,0.002,8,4
566,283,0,0,0.116112,0.000901,8,4
566,277,0,0,0.112014,0.000983,8,4
566,276,0,0,0.111306,0.001019,8,4
566,276,0,0,0.131885,0.000979,8,4
565,274,0,0,0.124749,0.001127,8,4
565,274,0,0,0.143225,0.001352,8,4
554,262,0,0,0.152493,0.001161,8,4
552,258,0,0,0.138694,0.001021,8,4
550,256,0,0,0.146837,0.001489,8,4
550,256,0,0,0.130646,0.001126,8,4
550,256,0,0,0.15396,0.001397,8,4
550,256,0,0,0.149833,0.001559,8,4
550,254,0,0,0.150988,0.00111,8,4
550,253,0,0,0.150427,0.001439,8,4
549,250,0,1,0.208151,0.002,8,4
549,249,0,0,0.096637,0.03337,7,4
549,249,0,0,0.100784,0.000982,7,4
549,249,0,0,0.137736,0.001476,7,4
549,249,0,0,0.153504,0.001498,7,4
549,249,0,0,0.134812,0.001613,7,4
549,249,0,0,0.136609,0.00181,7,4
549,249,0,0,0.134668,0.001395,7,4
549,249,0,0,0.134558,0.001386,7,4
549,249,0,0,0.152798,0.001446,7,4
606,264,0,0,0.13488,0.001459,7,4
645,258,0,0,0.134339,0.001264,7,4
657,253,0,0,0.142336,0.00188,7,4
667,246,0,0,0.143321,0.001772,7,4
670,242,0,0,0.165806,0.001285,7,4
677,221,0,0,0.163687,0.001671,7,4
677,218,0,0,0.159501,0.001557,7,4
677,218,0,0,0.11526,0.001,7,4
677,218,0,0,0.113851,0.001078,7,4
677,218,0,0,0.103323,0.036464,7,4
677,218,0,0,0.099573,0.001119,7,4
677,218,0,0,0.101,0.001351,7,4
677,218,0,0,0.118187,0.001383,7,4
677,218,0,1,0.102449,0.001071,7,4
677,218,0,0,0.109921,0.043923,6,4
677,218,0,0,0.132902,0.001723,6,4
677,218,0,0,0.088272,0.001337,6,4
677,218,0,0,0.109147,0.001167,6,4
677,217,0,0,0.0907,0.001013,6,4
676,215,0,0,0.090375,0.001094,6,4
672,211,0,0,0.103475,0.001292,6,4
661,200,0,0,0.10406,0.002176,6,4
638,177,0,0,0.123621,0.001516,6,4
625,162,0,0,0.102355,0.001484,6,4
624,160,0,0,0.161769,0.001592,6,4
622,160,0,0,0.361543,0.001383,6,4
622,160,0,0,0.127664,0.001304,6,4
622,159,0,0,0.127343,0.001564,6,4
622,157,0,0,0.147262,0.001375,6,4
622,154,0,0,0.192349,0.001559,6,4
622,152,0,0,0.128148,0.001697,6,4
622,152,0,0,0.101981,0.000889,6,4
622,152,0,0,0.089375,0.001471,6,4
622,152,0,1,0.126801,0.001582,6,4
622,152,0,0,0.107012,0.039524,5,4
622,152,0,0,0.107825,0.001798,5,4
622,152,0,0,0.108675,0.001643,5,4
622,152,0,0,0.095602,0.00115,5,4
622,152,0,0,0.092093,0.001181,5,4
622,152,0,0,0.029694,0.00037,5,4
622,152,0,0,0.030449,0.000426,5,4
626,179,0,0,0.059686,0.00098,5,4
637,231,0,0,0.077036,0.00118,5,4
638,242,0,0,0.07779,0.000895,5,4
638,248,0,0,0.132303,0.001531,5,4
638,252,0,0,0.0891,0.001037,5,4
638,254,0,0,0.115723,0.001387,5,4
638,254,0,0,0.156797,0.001344,5,4
638,256,0,0,0.108099,0.001363,5,4
639,265,0,0,0.108602,0.001331,5,4
639,269,0,0,0.140465,0.001689,5,4
639,272,0,0,0.077762,0.00112,5,4
639,273,0,0,0.103437,0.001761,5,4
639,274,0,0,0.078735,0.001084,5,4
639,275,0,0,0.11816,0.001385,5,4
642,292,0,0,0.0882,0.001179,5,4
643,303,0,0,0.169356,0.001362,5,4
643,305,0,0,0.089983,0.0011,5,4
643,308,0,0,0.076524,0.000956,5,4
643,310,0,0,0.099329,0.001064,5,4
643,312,0,0,0.076985,0.001137,5,4
643,312,0,0,0.07853,0.001065,5,4
643,313,0,0,0.131124,0.001085,5,4
643,314,0,0,0.088454,0.001035,5,4
643,314,0,0,0.086632,0.001178,5,4
643,314,0,0,0.093927,0.001235,5,4
643,314,0,0,0.081216,0.001256,5,4
643,314,0,0,0.123508,0.005154,5,4
643,314,0,0,0.160101,0.001525,5,4
643,314,0,0,0.108589,0.001693,5,4
643,314,0,0,0.120155,0.001569,5,4
643,314,0,0,0.078394,0.00085,5,4
642,319,0,0,0.078064,0.001101,5,4
640,328,0,0,0.077796,0.001094,5,4
640,330,0,0,0.07697,0.001026,5,4
640,332,0,0,0.078552,0.001718,5,4
640,332,0,0,0.078493,0.001027,5,4
640,332,0,0,0.145004,0.00125,5,4
640,333,0,0,0.102498,0.001744,5,4
640,333,0,0,0.126268,0.001558,5,4
640,333,0,0,0.138851,0.001629,5,4
640,333,0,1,0.083777,0.001418,5,4
640,333,0,0,0.081038,0.027064,4,4
640,333,0,0,0.102108,0.001575,4,4
640,333,0,0,0.068506,0.001279,4,4
640,333,0,0,0.064935,0.001011,4,4
640,333,0,0,0.091922,0.001557,4,4
640,333,0,0,0.089601,0.001775,4,4
640,333,0,0,0.079561,0.001242,4,4
640,333,0,0,0.102342,0.001152,4,4
640,333,0,0,0.091419,0.001461,4,4
642,374,0,0,0.091155,0.00124,4,4
650,427,0,0,0.090435,0.001123,4,4
654,437,0,0,0.106961,0.001928,4,4
658,444,0,0,0.092022,0.001571,4,4
660,447,0,0,0.090039,0.001522,4,4
663,450,0,0,0.104445,0.001762,4,4
673,454,0,0,0.087218,0.001393,4,4
677,454,0,0,0.088577,0.001508,4,4
678,454,0,0,0.10287,0.001375,4,4
684,454,0,0,0.042513,0.000801,4,4
705,448,0,0,0.03529,0.000484,4,4
714,445,0,0,0.030102,0.00048,4,4
717,445,0,0,0.089532,0.001091,4,4
718,445,0,0,0.085566,0.000949,4,4
718,445,0,0,0.077719,0.001087,4,4
718,445,0,0,0.078508,0.000861,4,4
718,445,0,0,0.079511,0.001376,4,4
718,445,0,0,0.098573,0.001464,4,4
718,445,0,1,0.081441,0.001,4,4
718,445,0,0,0.086512,0.029018,4,4
716,446,0,0,0.063307,0.001065,4,4
713,446,0,0,0.077118,0.001099,4,4
711,447,0,0,0.060191,0.000798,4,4
708,448,0,0,0.084659,0.001807,4,4
706,448,0,0,0.085064,0.001287,4,4
705,448,0,0,0.096285,0.00123,4,4
705,448,0,1,0.084438,0.001493,4,4
705,448,0,0,0.071165,0.075745,3,4
705,448,0,0,0.06838,0.001172,3,4
705,448,0,0,0.05801,0.001283,3,4
705,448,0,0,0.068559,0.040777,3,4
705,448,0,0,0.067391,0.00138,3,4
705,448,0,0,0.077725,0.00145,3,4
705,448,0,0,0.069349,0.001213,3,4
705,448,0,0,0.079209,0.001482,3,4
681,467,0,0,0.07213,0.001481,3,4
648,501,0,0,0.067027,0.001022,3,4
623,519,0,0,0.051784,0.00152,3,4
606,527,0,0,0.046529,0.000993,3,4
587,531,0,0,0.070911,0.002135,3,4
581,532,0,0,0.066232,0.001421,3,4
579,532,0,0,0.06753,0.001409,3,4
575,533,0,0,0.088014,0.001418,3,4
572,536,0,0,0.068439,0.001454,3,4
570,542,0,0,0.060212,0.001131,3,4
569,546,0,0,0.079414,0.000914,3,4
569,549,0,0,0.05243,0.000897,3,4
569,550,0,0,0.077105,0.001596,3,4
564,550,0,0,0.06747,0.001459,3,4
558,552,0,0,0.069644,0.001466,3,4
556,552,0,0,0.088614,0.001274,3,4
554,552,0,0,0.068341,0.001227,3,4
554,552,0,0,0.06101,0.000988,3,4
554,552,0,1,0.071043,0.001478,3,4
554,552,0,0,0.047328,0.019124,2,4
554,552,0,0,0.068228,0.001309,2,4
554,552,0,0,0.072834,0.001342,2,4
554,552,0,0,0.041069,0.001442,2,4
554,552,0,0,0.040726,0.001088,2,4
554,553,0,0,0.053505,0.001144,2,4
552,555,0,0,0.046152,0.001538,2,4
543,576,0,0,0.054451,0.00084,2,4
535,610,0,0,0.042993,0.001085,2,4
534,615,0,0,0.041352,0.001323,2,4
534,640,0,0,0.05501,0.000984,2,4
536,670,0,0,0.040906,0.001263,2,4
536,673,0,0,0.061361,0.001221,2,4
536,677,0,0,0.050879,0.000972,2,4
536,677,0,0,0.03947,0.001172,2,4
536,677,0,0,0.041278,0.00113,2,4
536,677,0,0,0.034816,0.000794,2,4
536,677,0,0,0.040563,0.001015,2,4
536,677,0,1,0.054381,0.001201,2,4
536,677,0,0,0.036683,0.017458,2,4
536,672,0,0,0.040644,0.000922,2,4
536,668,0,0,0.04121,0.001214,2,4
536,665,0,0,0.039865,0.000996,2,4
536,663,0,0,0.040606,0.001121,2,4
536,661,0,0,0.040822,0.00145,2,4
536,661,0,0,0.063852,0.00166,2,4
536,661,0,0,0.041919,0.001057,2,4
536,659,0,0,0.041712,0.001329,2,4
536,659,0,0,0.060617,0.000868,2,4
536,659,0,1,0.039835,0.00112,2,4
536,659,0,0,0.037723,0.024531,1,4
536,659,0,0,0.049982,0.001367,1,4
536,659,0,0,0.044862,0.001074,1,4
536,659,0,0,0.033906,0.001556,1,4
536,659,0,0,0.034868,0.001446,1,4
536,659,0,0,0.038419,0.001473,1,4
536,659,0,0,0.034019,0.001417,1,4
536,659,0,0,0.032619,0.001421,1,4
536,659,0,0,0.033507,0.001288,1,4
490,642,0,0,0.033476,0.001579,1,4
451,619,0,0,0.033892,0.00143,1,4
424,604,0,0,0.034618,0.001321,1,4
415,601,0,0,0.034273,0.001355,1,4
404,596,0,0,0.038267,0.001744,1,4
397,595,0,0,0.034112,0.001254,1,4
394,595,0,0,0.033697,0.001334,1,4
388,596,0,0,0.034284,0.001345,1,4
383,599,0,0,0.0335,0.001286,1,4
382,599,0,0,0.029512,0.001479,1,4
381,599,0,0,0.045726,0.001365,1,4
381,599,0,0,0.033767,0.001554,1,4
381,599,0,0,0.039291,0.00161,1,4
381,599,0,0,0.033941,0.001239,1,4
380,599,0,0,0.03324,0.001143,1,4
380,599,0,1,0.033325,0.001541,1,4
380,598,0,0,0.030881,0.020706,1,4
380,598,0,0,0.033987,0.001252,1,4
380,598,0,0,0.036362,0.001488,1,4
380,598,0,0,0.026892,0.00094,1,4
380,598,0,0,0.029915,0.001231,1,4
380,598,0,0,0.031021,0.001001,1,4
380,598,0,0,0.036415,0.001393,1,4
380,598,0,0,0.026684,0.000989,1,4
380,598,0,0,0.028173,0.000967,1,4
380,598,0,0,0.02372,0.000891,1,4
380,598,0,0,0.026195,0.000879,1,4
380,598,0,0,0.027263,0.001056,1,4
380,598,0,0,0.035554,0.001265,1,4
380,598,0,0,0.033825,0.001119,1,4
380,598,0,0,0.030185,0.001077,1,4
380,598,0,0,0.029564,0.000911,1,4
380,598,0,0,0.026482,0.000873,1,4
380,598,0,0,0.022433,0.000944,1,4
380,598,0,0,0.022995,0.001021,1,4
380,598,0,1,0.010887,0.000389,1,4
380,598,0,0,0.009654,0.007087,1,4
380,596,0,0,0.012415,0.000481,1,4
380,596,0,0,0.025978,0.001053,1,4
380,596,0,0,0.041957,0.000877,1,4
380,596,0,0,0.027107,0.001371,1,4
380,594,0,0,0.023453,0.000869,1,4
380,594,0,0,0.02553,0.001215,1,4
380,592,0,0,0.027637,0.001107,1,4
380,592,0,0,0.064102,0.000843,1,4
380,592,0,0,0.040673,0.001036,1,4
380,592,0,0,0.039589,0.001526,1,4
380,589,0,0,0.026298,0.00105,1,4
380,589,0,0,0.029173,0.001154,1,4
380,589,0,0,0.027632,0.001375,1,4
380,589,0,1,0.026982,0.000947,1,4
380,589,0,0,0.008517,0.013495,0,4
380,589,0,0,0.011939,0.001681,0,4
380,589,0,0,0.011469,0.000951,0,4
380,589,0,0,0.013083,0.001518,0,4
380,589,0,0,0.008639,0.001192,0,4
380,589,0,0,0.009268,0.000811,0,4
380,589,0,0,0.011253,0.00119,0,4
412,546,0,0,0.010701,0.00152,0,4
449,494,0,0,0.007672,0.000871,0,4
534,388,0,0,0.008596,0.001046,0,4
583,326,0,0,0.009184,0.000858,0,4
632,270,0,0,0.013669,0.001537,0,4
672,229,0,0,0.010115,0.001183,0,4
672,229,0,0,0.009311,0.000869,0,4
672,229,0,0,0.008879,0.000827,0,4
672,229,0,0,0.010948,0.001015,0,4
672,229,0,0,0.00961,0.000953,0,4
672,229,0,0,0.013742,0.001561,0,4
683,193,0,0,0.010765,0.001009,0,4
714,130,0,0,0.010723,0.001244,0,4
760,73,0,0,0.008834,0.00131,0,4
779,52,0,0,0.015144,0.000862,0,4
795,34,0,0,0.014524,0.00155,0,4
798,28,0,0,0.009243,0.001,0,4
798,26,0,0,0.009864,0.001084,0,4
798,25,0,0,0.009612,0.001036,0,4
799,22,0,0,0.012511,0.00136,0,4
799,22,0,0,0.008279,0,0,4
799,22,0,0,0.009274,0,0,4
799,22,0,0,0.009398,0,0,4
799,22,0,0,0.010589,0,0,4
799,22,0,0,0.009596,0,0,4
799,22,0,0,0.010514,0,0,4
799,22,0,0,0.009469,0,0,4
799,22,0,0,0.009959,0,0,4
799,22,0,0,0.010581,0,0,4
799,22,0,0,0.010281,0,0,4
799,22,0,0,0.00916,0,0,4
799,22,0,0,0.053369,0,0,4
799,22,0,0,0.009956,0,0,4
799,22,0,0,0.009633,0,0,4
