511,308,0,0,0.183821,0,0,2,6
511,308,0,0,0.187504,0.000673,0,2,6
511,308,0,0,0.210977,0.000671,0,2,6
511,308,0,0,0.23888,0.000583,0,2,6
511,308,0,0,0.186867,0.000707,0,2,6
511,308,0,0,0.189389,0.000952,0,2,6
511,308,0,0,0.083539,0.000292,0,2,6
511,308,0,0,0.059356,0.00028,0,2,6
511,308,0,0,0.084852,0.00034,0,2,6
511,308,0,0,0.049656,0.000219,0,2,6
511,308,0,0,0.048145,0.000275,0,2,6
511,308,0,0,0.051872,0.000239,0,2,6
511,308,0,0,0.088348,0.000386,0,2,6
511,308,0,0,0.182143,0.000786,0,2,6
511,308,0,0,0.132021,0.000561,0,2,6
511,308,0,0,0.173626,0.000587,0,2,6
511,308,0,0,0.148219,0.000552,0,2,6
511,308,0,0,0.167152,0.000589,0,2,6
511,308,0,0,0.206603,0.00059,0,2,6
511,308,0,0,0.202201,0.000656,0,2,6
511,308,0,0,0.180954,0.000656,0,2,6
511,308,0,0,0.197794,0.000514,0,2,6
511,308,0,0,0.192042,0.000575,0,2,6
511,308,0,0,0.149348,0.000614,0,2,6
511,308,0,0,0.21419,0.000635,0,2,6
511,308,0,0,0.166673,0.001208,0,2,6
511,308,0,0,0.171046,0.000743,0,2,6
511,308,0,0,0.176628,0.000608,0,2,6
511,308,0,0,0.137841,0.000541,0,2,6
511,308,0,0,0.174734,0.000577,0,2,6
511,308,0,0,0.211358,0.000734,0,2,6
511,308,0,0,0.200029,0.000656,0,2,6
511,308,0,0,0.146184,0.000571,0,2,6
511,308,0,0,0.17961,0.00053,0,2,6
511,308,0,0,0.119088,0.00048,0,2,6
511,308,0,0,0.125456,0.000602,0,2,6
516,330,0,0,0.221389,0.000584,0,2,6
500,314,0,0,0.161469,0.000625,0,2,6
478,289,0,0,0.166475,0.000554,0,2,6
450,258,0,0,0.203511,0.000696,0,2,6
450,258,0,0,0.154612,0.00061,0,2,6
450,258,0,0,0.122472,0.000587,0,2,6
450,258,0,0,0.202702,0.000574,0,2,6
450,258,0,0,0.144299,0.000649,0,2,6
450,258,0,0,0.173871,0.000549,0,2,6
450,258,0,0,0.195848,0.0008,0,2,6
450,256,0,0,0.156991,0.000667,0,2,6
454,258,0,0,0.141976,0.000686,0,2,6
467,262,0,0,0.195859,0.000634,0,2,6
464,259,0,0,0.229965,0.000785,0,2,6
464,258,0,0,0.183058,0.00079,0,2,6
464,258,0,0,0.1569,0.00069,0,2,6
464,258,0,0,0.156869,0.000829,0,2,6
463,250,0,0,0.189184,0.000896,0,2,6
463,229,0,0,0.180609,0.000856,0,2,6
467,203,0,0,0.159328,0.000756,0,2,6
468,186,0,0,0.178576,0.000906,0,2,6
467,157,0,0,0.151983,0.000817,0,2,6
455,128,0,0,0.167504,0.000743,0,2,6
444,114,0,0,0.17509,0.000948,0,2,6
424,99,0,0,0.154373,0.001161,0,2,6
362,68,0,0,0.155191,0.00079,0,2,6
307,46,0,0,0.152956,0.000752,0,2,6
264,39,0,0,0.176192,0.001019,0,2,6
219,37,0,0,0.157705,0.00076,0,2,6
170,37,0,0,0.177302,0.000858,0,2,6
126,50,0,0,0.176733,0.000875,0,2,6
87,69,0,0,0.210304,0.000792,0,2,6
75,85,0,0,0.175501,0.000763,0,2,6
72,102,0,0,0.206895,0.00101,0,2,6
71,121,0,0,0.136799,0.000636,0,2,6
71,142,0,0,0.184362,0.000834,0,2,6
97,180,0,0,0.147766,0.000722,0,2,6
180,243,0,0,0.161451,0.000688,0,2,6
241,271,0,0,0.151015,0.000732,0,2,6
298,288,0,0,0.121508,0.000883,0,2,6
369,285,0,0,0.112925,0.000518,0,2,6
451,249,0,0,0.120715,0.000588,0,2,6
507,194,0,0,0.120533,0.000803,0,2,6
510,147,0,0,0.165292,0.000744,0,2,6
470,106,0,0,0.235532,0.000773,0,2,6
409,81,0,0,0.140237,0.001048,0,2,6
339,75,0,0,0.139026,0.000723,0,2,6
278,85,0,0,0.136792,0.000752,0,2,6
239,105,0,0,0.122018,0.000941,0,2,6
201,140,0,0,0.164808,0.000894,0,2,6
192,180,0,0,0.136782,0.000702,0,2,6
212,255,0,0,0.122126,0.001049,0,2,6
278,338,0,0,0.134172,0.000548,0,2,6
399,392,0,0,0.137347,0.000665,0,2,6
542,394,0,0,0.13873,0.000873,0,2,6
638,373,0,0,0.148045,0.000859,0,2,6
647,363,0,0,0.246353,0.000731,0,2,6
614,358,0,0,0.119778,0.000758,0,2,6
533,363,0,0,0.132754,0.000573,0,2,6
412,356,0,0,0.229659,0.000707,0,2,6
268,321,0,0,0.124421,0.000885,0,2,6
74,268,0,0,0.144792,0.000631,0,2,6
0,236,0,0,0.140875,0.000719,0,2,6
0,236,0,0,0.194059,0,0,2,6
0,236,0,0,0.137417,0,0,2,6
0,236,0,0,0.226913,0,0,2,6
0,236,0,0,0.147254,0,0,2,6
0,236,0,0,0.195003,0,0,2,6
0,236,0,0,0.292522,0,0,2,6
0,236,0,0,0.19399,0,0,2,6
0,236,0,0,0.180693,0,0,2,6
0,236,0,0,0.183093,0,0,2,6
0,236,0,0,0.161994,0,0,2,6
0,236,0,0,0.17103,0,0,2,6
0,236,0,0,0.144286,0,0,2,6
0,236,0,0,0.156568,0,0,2,6
0,236,0,0,0.149761,0,0,2,6
0,236,0,0,0.158002,0,0,2,6
0,236,0,0,0.1755,0,0,2,6
0,236,0,0,0.268878,0,0,2,6
0,236,0,0,0.136988,0,0,2,6
0,236,0,0,0.168396,0,0,2,6
0,236,0,0,0.13335,0,0,2,6
0,236,0,0,0.119603,0,0,2,6
0,236,0,0,0.133365,0,0,2,6
0,236,0,0,0.190584,0,0,2,6
0,236,0,0,0.258324,0,0,2,6
0,236,0,0,0.158636,0,0,2,6
0,236,0,0,0.168505,0,0,2,6
0,236,0,0,0.225608,0,0,2,6
0,236,0,0,0.172554,0,0,2,6
0,236,0,0,0.154137,0,0,2,6
0,236,0,0,0.141911,0,0,2,6
0,236,0,0,0.150018,0,0,2,6
0,236,0,0,0.161038,0,0,2,6
0,236,0,0,0.213725,0,0,2,6
0,236,0,0,0.166161,0,0,2,6
0,236,0,0,0.128584,0,0,2,6
0,236,0,0,0.166182,0,0,2,6
0,236,0,0,0.140619,0,0,2,6
0,236,0,0,0.170864,0,0,2,6
0,236,0,0,0.220665,0,0,2,6
0,236,0,0,0.138111,0,0,2,6
0,236,0,0,0.177328,0,0,2,6
0,236,0,0,0.240469,0,0,2,6
0,236,0,0,0.204952,0,0,2,6
0,236,0,0,0.141114,0,0,2,6
0,236,0,0,0.26089,0,0,2,6
0,236,0,0,0.197186,0,0,2,6
0,236,0,0,0.145708,0,0,2,6
0,236,0,0,0.166715,0,0,2,6
0,236,0,0,0.145751,0,0,2,6
0,236,0,0,0.133605,0,0,2,6
0,236,0,0,0.183538,0,0,2,6
0,236,0,0,0.18109,0,0,2,6
165,199,0,0,0.166107,0,0,2,6
329,256,0,0,0.183394,0.000633,0,2,6
453,353,0,0,0.146832,0.000625,0,2,6
530,435,0,0,0.143968,0.00063,0,2,6
555,475,0,0,0.190919,0.000717,0,2,6
540,501,0,0,0.19997,0.000729,0,2,6
461,500,0,0,0.134607,0.000665,0,2,6
379,456,0,0,0.224738,0.000771,0,2,6
290,376,0,0,0.152121,0.000736,0,2,6
203,236,0,0,0.168448,0.000781,0,2,6
166,111,0,0,0.201007,0.000682,0,2,6
166,40,0,0,0.157631,0.00075,0,2,6
157,36,0,0,0.165373,0.000695,0,2,6
84,22,0,0,0.206934,0.000766,0,2,6
6,14,0,0,0.165394,0.000781,0,2,6
6,14,0,0,0.165041,0.000591,0,2,6
6,14,0,0,0.19094,0,0,2,6
6,14,0,0,0.131051,0,0,2,6
6,14,0,0,0.138178,0,0,2,6
88,390,0,0,0.158881,0,0,2,6
241,438,0,0,0.165508,0.000912,0,2,6
412,479,0,0,0.138472,0.000717,0,2,6
535,534,0,0,0.142012,0.000643,0,2,6
594,570,0,0,0.119567,0.000551,0,2,6
614,628,0,0,0.188751,0.000587,0,2,6
614,645,0,0,0.146273,0.000586,0,2,6
598,646,0,0,0.180353,0.001043,0,2,6
553,646,0,0,0.124596,0.000667,0,2,6
494,642,0,0,0.171344,0.000671,0,2,6
442,610,0,0,0.122326,0.000653,0,2,6
394,556,0,0,0.14006,0.000636,0,2,6
382,538,0,0,0.198231,0.001116,0,2,6
382,528,0,0,0.137584,0.000734,0,2,6
401,520,0,0,0.137144,0.000661,0,2,6
444,520,0,0,0.121084,0.000595,0,2,6
489,523,0,0,0.116002,0.000549,0,2,6
497,523,0,0,0.142286,0.000637,0,2,6
497,524,0,0,0.195686,0.000671,0,2,6
494,524,0,0,0.125331,0.000513,0,2,6
490,521,0,0,0.120743,0.00074,0,2,6
471,502,0,0,0.152496,0.000602,0,2,6
463,490,0,0,0.140441,0.000596,0,2,6
455,477,0,0,0.123615,0.000549,0,2,6
455,475,0,0,0.12294,0.000531,0,2,6
455,475,0,0,0.110693,0.000466,0,2,6
455,475,0,0,0.139171,0.000633,0,2,6
455,475,0,0,0.154393,0.000638,0,2,6
455,475,0,0,0.121315,0.000651,0,2,6
455,475,0,0,0.17257,0.000555,0,2,6
455,475,0,0,0.165497,0.000635,0,2,6
455,475,0,0,0.121103,0.000608,0,2,6
455,475,0,0,0.122769,0.000558,0,2,6
506,462,0,0,0.127805,0.000662,0,2,6
579,426,0,0,0.123192,0.000583,0,2,6
654,364,0,0,0.199139,0.000629,0,2,6
673,292,0,0,0.127809,0.000647,0,2,6
676,202,0,0,0.149006,0.000734,0,2,6
671,118,0,0,0.118771,0.000601,0,2,6
667,101,0,0,0.137135,0.000815,0,2,6
664,96,0,0,0.124619,0.000618,0,2,6
663,101,0,0,0.174717,0.000671,0,2,6
664,142,0,0,0.119601,0.00069,0,2,6
682,206,0,0,0.138136,0.000671,0,2,6
736,180,0,0,0.120413,0.000663,0,2,6
784,154,0,0,0.129169,0.000632,0,2,6
784,154,0,0,0.19144,0,0,2,6
784,154,0,0,0.146169,0,0,2,6
784,154,0,0,0.171861,0,0,2,6
784,154,0,0,0.13744,0,0,2,6
784,154,0,0,0.128726,0,0,2,6
784,154,0,0,0.15,0,0,2,6
784,154,0,0,0.143161,0,0,2,6
784,154,0,0,0.143382,0,0,2,6
784,154,0,0,0.141478,0,0,2,6
784,154,0,0,0.144063,0,0,2,6
784,154,0,0,0.14429,0,0,2,6
784,154,0,0,0.142652,0,0,2,6
788,23,0,0,0.193724,0,0,2,6
758,85,0,0,0.244567,0.000785,0,2,6
745,176,0,0,0.167763,0.001212,0,2,6
746,246,0,0,0.19253,0.000733,0,2,6
761,266,0,0,0.188358,0.000652,0,2,6
768,271,0,0,0.134724,0.000865,0,2,6
768,269,0,0,0.119496,0.000478,0,2,6
762,235,0,0,0.132686,0.000528,0,2,6
759,206,0,0,0.208147,0.000759,0,2,6
748,173,0,0,0.186294,0.000733,0,2,6
741,153,0,0,0.116667,0.000567,0,2,6
739,144,0,0,0.150636,0.000617,0,2,6
742,132,0,0,0.12894,0.000574,0,2,6
746,119,0,0,0.180037,0.000724,0,2,6
768,86,0,0,0.132396,0.000775,0,2,6
795,33,0,0,0.189448,0.000723,0,2,6
795,33,0,0,0.172626,0,0,2,6
795,33,0,0,0.205038,0,0,2,6
795,33,0,0,0.139991,0,0,2,6
795,33,0,0,0.213032,0,0,2,6
795,33,0,0,0.146565,0,0,2,6
795,33,0,0,0.16393,0,0,2,6
795,33,0,0,0.195188,0,0,2,6
791,11,0,0,0.204883,0,0,2,6
775,30,0,0,0.247681,0.000767,0,2,6
768,45,0,0,0.231463,0.000623,0,2,6
765,53,0,0,0.201912,0.000723,0,2,6
764,53,0,0,0.195205,0.000959,0,2,6
764,53,0,0,0.213945,0.000647,0,2,6
765,52,0,0,1.01751,0.000683,0,2,6
766,52,0,0,0.168224,0.000668,0,2,6
764,53,0,0,0.213526,0.000756,0,2,6
758,56,0,0,0.172298,0.000625,0,2,6
755,58,0,0,0.173158,0.000659,0,2,6
751,60,0,0,0.171088,0.000581,0,2,6
746,65,0,0,0.17224,0.000608,0,2,6
746,65,0,0,0.18156,0.000716,0,2,6
742,68,0,0,0.169257,0.000604,0,2,6
741,69,0,0,0.17366,0.000649,0,2,6
739,70,0,0,0.176294,0.000695,0,2,6
739,70,0,0,0.159816,0.000668,0,2,6
739,72,0,0,0.156775,0.000488,0,2,6
739,72,0,0,0.223777,0.000608,0,2,6
741,68,0,0,0.196183,0.000714,0,2,6
745,63,0,0,0.17828,0.000683,0,2,6
754,56,0,0,0.150218,0.000598,0,2,6
762,47,0,0,0.111866,0.000515,0,2,6
765,45,0,0,0.195695,0.000692,0,2,6
766,45,0,0,0.184133,0.000744,0,2,6
771,39,0,0,0.114343,0.000599,0,2,6
775,29,0,0,0.141324,0.00106,0,2,6
778,23,0,0,0.123687,0.000708,0,2,6
779,23,0,0,0.121148,0.000681,0,2,6
779,23,0,0,0.188942,0.000894,0,2,6
779,23,0,0,0.175782,0.000669,0,2,6
779,23,0,0,0.177021,0.000829,0,2,6
778,24,0,0,0.197731,0.000663,0,2,6
777,26,0,0,0.192487,0.000727,0,2,6
772,32,0,0,0.145293,0.000685,0,2,6
766,37,0,0,0.132179,0.00064,0,2,6
759,43,0,0,0.184361,0.000762,0,2,6
755,49,0,0,0.122182,0.000589,0,2,6
752,52,0,0,0.143314,0.000841,0,2,6
746,56,0,0,0.202742,0.000721,0,2,6
730,70,0,0,0.198631,0.000769,0,2,6
709,94,0,0,0.175362,0.000879,0,2,6
638,150,0,0,0.168259,0.000946,0,2,6
565,199,0,0,0.126967,0.000573,0,2,6
486,243,0,0,0.121787,0.000708,0,2,6
438,291,0,0,0.129498,0.000697,0,2,6
430,312,0,0,0.121757,0.00062,0,2,6
415,331,0,0,0.119939,0.000719,0,2,6
379,353,0,0,0.170576,0.000869,0,2,6
353,373,0,0,0.048197,0.000233,0,2,6
320,409,0,0,0.064643,0.000239,0,2,6
286,452,0,0,0.047566,0.000205,0,2,6
258,492,0,0,0.064784,0.000256,0,2,6
245,518,0,0,0.083167,0.000267,0,2,6
225,549,0,0,0.059913,0.000264,0,2,6
214,556,0,0,0.047168,0.000209,0,2,6
211,569,0,0,0.082434,0.000291,0,2,6
202,600,0,0,0.062797,0.000245,0,2,6
182,638,0,0,0.056637,0.000258,0,2,6
156,670,0,0,0.077294,0.000294,0,2,6
98,703,0,0,0.049177,0.000203,0,2,6
78,720,0,0,0.048219,0.000212,0,2,6
68,736,0,0,0.049295,0.000232,0,2,6
45,756,0,0,0.067502,0.000249,0,2,6
25,773,0,0,0.047006,0.000188,0,2,6
18,783,0,0,0.059412,0.000251,0,2,6
0,795,0,0,0.057275,0.000231,0,2,6
0,795,0,0,0.075452,0,0,2,6
0,795,0,0,0.092179,0,0,2,6
0,795,0,0,0.06127,0,0,2,6
0,795,0,0,0.04845,0,0,2,6
0,795,0,0,0.049089,0,0,2,6
0,795,0,0,0.049027,0,0,2,6
0,795,0,0,0.0652,0,0,2,6
0,795,0,0,0.08315,0,0,2,6
0,795,0,0,0.047935,0,0,2,6
0,795,0,0,0.071542,0,0,2,6
0,795,0,0,0.073254,0,0,2,6
0,795,0,0,0.066,0,0,2,6
0,795,0,0,0.069379,0,0,2,6
0,795,0,0,0.108784,0,0,2,6
0,795,0,0,0.061283,0,0,2,6
0,795,0,0,0.069979,0,0,2,6
0,795,0,0,0.078633,0,0,2,6
0,795,0,0,0.054126,0,0,2,6
0,795,0,0,0.073527,0,0,2,6
0,795,0,0,0.071902,0,0,2,6
0,795,0,0,0.071069,0,0,2,6
0,795,0,0,0.066735,0,0,2,6
0,795,0,0,0.087104,0,0,2,6
0,795,0,0,0.078219,0,0,2,6
0,795,0,0,0.066506,0,0,2,6
0,795,0,0,0.071855,0,0,2,6
0,795,0,0,0.068013,0,0,2,6
797,792,0,0,0.068895,0,0,2,6
798,775,0,0,0.07015,0.00027,0,2,6
798,775,0,0,0.089437,0,0,2,6
798,775,0,0,0.086178,0,0,2,6
798,775,0,0,0.068786,0,0,2,6
790,501,0,0,0.06167,0,0,2,6
765,405,0,0,0.065779,0.000268,0,2,6
755,266,0,0,0.062674,0.000309,0,2,6
749,171,0,0,0.082212,0.000425,0,2,6
743,135,0,0,0.090518,0.000277,0,2,6
738,70,0,0,0.060543,0.000293,0,2,6
735,17,0,0,0.060825,0.000253,0,2,6
733,7,0,0,0.059421,0.000284,0,2,6
733,7,0,0,0.06069,0,0,2,6
733,7,0,0,0.066421,0,0,2,6
676,19,0,0,0.067158,0,0,2,6
612,68,0,0,0.067194,0.000332,0,2,6
563,88,0,0,0.05958,0.000274,0,2,6
507,89,0,0,0.05989,0.000248,0,2,6
476,101,0,0,0.048966,0.00024,0,2,6
437,109,0,0,0.068941,0.000229,0,2,6
402,118,0,0,0.072699,0.000261,0,2,6
366,153,0,0,0.063855,0.000263,0,2,6
345,190,0,0,0.088072,0.00039,0,2,6
320,217,0,0,0.08282,0.000274,0,2,6
288,255,0,0,0.082702,0.000246,0,2,6
277,311,0,0,0.068248,0.000254,0,2,6
286,341,0,0,0.067589,0.000227,0,2,6
296,367,0,0,0.067041,0.000272,0,2,6
307,397,0,0,0.067772,0.000248,0,2,6
326,419,0,0,0.0656,0.000251,0,2,6
327,419,0,0,0.046821,0.000195,0,2,6
324,415,0,0,0.060065,0.000232,0,2,6
309,383,0,0,0.047536,0.000195,0,2,6
290,346,0,0,0.06451,0.0002,0,2,6
273,327,0,0,0.045403,0.000193,0,2,6
267,321,0,0,0.04697,0.000231,0,2,6
267,315,0,0,0.046112,0.000228,0,2,6
271,314,0,0,0.052445,0.000251,0,2,6
271,314,0,0,0.061782,0.000268,0,2,6
283,334,0,0,0.062817,0.000225,0,2,6
296,350,0,0,0.058168,0.000186,0,2,6
300,357,0,0,0.047576,0.000234,0,2,6
323,374,0,0,0.047696,0.000217,0,2,6
382,407,0,0,0.062373,0.000257,0,2,6
396,420,0,0,0.046102,0.000196,0,2,6
404,428,0,0,0.046601,0.000232,0,2,6
408,433,0,0,0.0655,0.000299,0,2,6
414,443,0,0,0.047699,0.000197,0,2,6
425,459,0,0,0.048785,0.000305,0,2,6
434,472,0,0,0.066756,0.000216,0,2,6
435,478,0,0,0.048006,0.000232,0,2,6
441,487,0,0,0.048596,0.000254,0,2,6
450,497,0,0,0.048795,0.000208,0,2,6
455,501,0,0,0.047996,0.000282,0,2,6
461,505,0,0,0.046298,0.000225,0,2,6
463,507,0,0,0.068059,0.000237,0,2,6
463,507,0,0,0.048592,0.00025,0,2,6
461,501,0,0,0.095087,0.000457,0,2,6
447,469,0,0,0.127708,0.0005,0,2,6
431,451,0,0,0.148398,0.000552,0,2,6
406,436,0,0,0.120296,0.000514,0,2,6
383,423,0,0,0.126371,0.000603,0,2,6
372,418,0,0,0.107354,0.000534,0,2,6
363,406,0,0,0.108105,0.00056,0,2,6
353,387,0,0,0.107396,0.000524,0,2,6
340,369,0,0,0.157403,0.000597,0,2,6
326,353,0,0,0.106507,0.000544,0,2,6
316,341,0,0,0.157009,0.000528,0,2,6
314,340,0,0,0.105574,0.000573,0,2,6
314,340,0,0,0.106646,0.000695,0,2,6
311,338,0,0,0.16807,0.000624,0,2,6
311,337,0,0,0.163631,0.000674,0,2,6
311,337,0,0,0.154419,0.000647,0,2,6
323,344,0,0,0.105818,0.0005,0,2,6
324,346,0,0,0.104923,0.000561,0,2,6
324,346,0,0,0.106989,0.000586,0,2,6
330,350,0,0,0.122667,0.000477,0,2,6
334,356,0,0,0.146593,0.000517,0,2,6
334,356,0,0,0.104815,0.000594,0,2,6
334,356,0,0,0.109162,0.000473,0,2,6
334,356,0,0,0.188865,0.000696,0,2,6
334,356,0,0,0.108409,0.000578,0,2,6
334,356,0,0,0.173522,0.000629,0,2,6
334,356,0,0,0.19522,0.000742,0,2,6
334,356,0,0,0.160008,0.00068,0,2,6
334,356,0,0,0.15412,0.000625,0,2,6
334,356,0,0,0.103987,0.00041,0,2,6
334,356,0,0,0.065599,0.000265,0,2,6
334,356,0,0,0.071331,0.000314,0,2,6
334,356,0,0,0.067577,0.000267,0,2,6
334,356,0,0,0.066765,0.00028,0,2,6
334,356,0,0,0.066715,0.000269,0,2,6
334,356,0,0,0.067144,0.000279,0,2,6
334,354,0,0,0.066161,0.00025,0,2,6
333,354,0,0,0.064962,0.000273,0,2,6
333,354,0,0,0.066747,0.000243,0,2,6
333,354,0,0,0.065974,0.000309,0,2,6
333,354,0,0,0.064152,0.000184,0,2,6
332,353,0,0,0.061778,0.000245,0,2,6
329,348,0,0,0.056708,0.00027,0,2,6
324,344,0,0,0.046091,0.000202,0,2,6
319,335,0,0,0.048937,0.000242,0,2,6
316,331,0,0,0.060828,0.000206,0,2,6
313,328,0,0,0.046972,0.000191,0,2,6
311,325,0,0,0.046305,0.000202,0,2,6
310,325,0,0,0.069579,0.000278,0,2,6
310,325,0,0,0.067489,0.000233,0,2,6
310,325,0,0,0.06559,0.000254,0,2,6
310,325,0,0,0.06686,0.000334,0,2,6
310,325,0,0,0.066747,0.000234,0,2,6
310,325,0,0,0.068514,0.000233,0,2,6
310,325,0,0,0.066773,0.000245,0,2,6
310,324,0,0,0.065635,0.000263,0,2,6
310,324,0,0,0.065318,0.000224,0,2,6
310,324,0,0,0.064542,0.000285,0,2,6
310,322,0,0,0.066454,0.000278,0,2,6
309,322,0,0,0.055923,0.00025,0,2,6
309,322,0,0,0.056028,0.000214,0,2,6
309,322,0,0,0.057303,0.000233,0,2,6
309,322,0,0,0.057216,0.000236,0,2,6
309,322,0,0,0.056892,0.0002,0,2,6
309,322,0,0,0.046449,0.000208,0,2,6
309,322,0,0,0.045043,0.000196,0,2,6
309,322,0,0,0.046457,0.000298,0,2,6
309,322,0,0,0.045874,0.000232,0,2,6
309,322,0,0,0.046574,0.000221,0,2,6
309,322,0,0,0.057694,0.000211,0,2,6
309,322,0,0,0.05904,0.000206,0,2,6
309,322,0,0,0.060429,0.000266,0,2,6
309,322,0,0,0.062846,0.000284,0,2,6
309,322,0,0,0.048187,0.000233,0,2,6
309,322,0,0,0.048128,0.000234,0,2,6
309,322,0,0,0.093704,0.000463,0,2,6
309,322,0,0,0.096518,0.000467,0,2,6
309,322,0,0,0.124612,0.0005,0,2,6
309,322,0,0,0.096007,0.000483,0,2,6
309,322,0,0,0.111276,0.000577,0,2,6
309,322,0,0,0.127238,0.000494,0,2,6
309,322,0,0,0.1045,0.000478,0,2,6
309,322,0,0,0.146475,0.000464,0,2,6
309,322,0,0,0.147903,0.000501,0,2,6
309,322,0,0,0.107313,0.000469,0,2,6
309,322,0,0,0.125008,0.000558,0,2,6
309,322,0,0,0.107532,0.000672,0,2,6
309,322,0,0,0.106697,0.000598,0,2,6
309,322,0,0,0.143823,0.000561,0,2,6
309,322,0,0,0.150514,0.000529,0,2,6
309,322,0,0,0.106333,0.000561,0,2,6
309,322,0,0,0.10852,0.000507,0,2,6
311,324,0,0,0.144083,0.000485,0,2,6
336,346,0,0,0.106156,0.000536,0,2,6
375,383,0,0,0.107667,0.000556,0,2,6
419,426,0,0,0.150355,0.000475,0,2,6
453,455,0,0,0.136398,0.000537,0,2,6
460,462,0,0,0.139615,0.000592,0,2,6
460,462,0,0,0.147106,0.00066,0,2,6
460,462,0,0,0.133418,0.000576,0,2,6
451,459,0,0,0.152155,0.000593,0,2,6
447,458,0,0,0.133958,0.000623,0,2,6
440,449,0,0,0.141625,0.000599,0,2,6
405,407,0,0,0.133895,0.000651,0,2,6
368,358,0,0,0.157587,0.000651,0,2,6
333,310,0,0,0.138475,0.000608,0,2,6
320,295,0,0,0.132639,0.000697,0,2,6
320,295,0,0,0.107031,0.000578,0,2,6
323,297,0,0,0.106993,0.000502,0,2,6
326,299,0,0,0.105325,0.000534,0,2,6
349,331,0,0,0.120432,0.000709,0,2,6
398,380,0,0,0.106568,0.000548,0,2,6
450,429,0,0,0.142709,0.000606,0,2,6
467,452,0,0,0.108655,0.000477,0,2,6
476,474,0,0,0.107436,0.000625,0,2,6
478,494,0,0,0.105932,0.000548,0,2,6
480,498,0,0,0.124645,0.000551,0,2,6
481,498,0,0,0.106169,0.000562,0,2,6
481,500,0,0,0.106151,0.000545,0,2,6
481,500,0,0,0.107123,0.000478,0,2,6
470,491,0,0,0.125939,0.0005,0,2,6
428,464,0,0,0.140785,0.000525,0,2,6
368,429,0,0,0.108144,0.000553,0,2,6
309,394,0,0,0.152095,0.000499,0,2,6
296,380,0,0,0.154828,0.000517,0,2,6
293,374,0,0,0.123363,0.001073,0,2,6
290,369,0,0,0.184726,0.00074,0,2,6
281,351,0,0,0.150871,0.000653,0,2,6
273,335,0,0,0.149181,0.000644,0,2,6
270,328,0,0,0.17617,0.000606,0,2,6
267,321,0,0,0.14944,0.001006,0,2,6
267,320,0,0,0.148623,0.001604,0,2,6
267,320,0,0,0.107211,0.000519,0,2,6
273,324,0,0,0.154289,0.000698,0,2,6
278,340,0,0,0.151356,0.000659,0,2,6
286,361,0,0,0.072414,0.000316,0,2,6
290,379,0,0,0.143083,0.000596,0,2,6
290,380,0,0,0.148498,0.000671,0,2,6
290,380,0,0,0.154402,0.000794,0,2,6
290,376,0,0,0.105223,0.000575,0,2,6
290,354,0,0,0.106148,0.000534,0,2,6
288,333,0,0,0.105461,0.000634,0,2,6
287,327,0,0,0.163995,0.000609,0,2,6
284,322,0,0,0.15289,0.00061,0,2,6
283,320,0,0,0.138939,0.000635,0,2,6
283,320,0,0,0.152323,0.000524,0,2,6
283,320,0,0,0.168653,0.000638,0,2,6
283,320,0,0,0.159696,0.000662,0,2,6
281,315,0,0,0.135526,0.000567,0,2,6
281,311,0,0,0.131718,0.000757,0,2,6
281,308,0,0,0.145996,0.000581,0,2,6
283,302,0,0,0.13754,0.000652,0,2,6
286,297,0,0,0.150207,0.000694,0,2,6
286,297,0,0,0.138034,0.000751,0,2,6
287,297,0,0,0.14341,0.000657,0,2,6
287,297,0,0,0.15318,0.00073,0,2,6
287,297,0,0,0.153355,0.000639,0,2,6
287,297,0,0,0.239976,0.000642,0,2,6
287,297,0,0,0.154722,0.000806,0,2,6
287,297,0,0,0.187026,0.000887,0,2,6
287,297,0,0,0.174816,0.000792,0,2,6
287,297,0,0,0.173837,0.000686,0,2,6
287,297,0,0,0.175685,0.000633,0,2,6
287,297,0,0,0.152203,0.000586,0,2,6
290,297,0,0,0.152729,0.000738,0,2,6
291,299,0,0,0.167726,0.000622,0,2,6
294,305,0,0,0.154682,0.000555,0,2,6
294,308,0,0,0.176849,0.000904,0,2,6
294,310,0,0,0.179781,0.000831,0,2,6
294,311,0,0,0.201179,0.000557,0,2,6
296,314,0,0,0.198521,0.000828,0,2,6
297,318,0,0,0.121742,0.00066,0,2,6
301,322,0,0,0.122415,0.000535,0,2,6
307,328,0,0,0.135405,0.000653,0,2,6
310,331,0,0,0.10566,0.000481,0,2,6
314,334,0,0,0.124409,0.000538,0,2,6
324,341,0,0,0.107504,0.000556,0,2,6
336,350,0,0,0.122665,0.000585,0,2,6
353,367,0,0,0.21881,0.000867,0,2,6
366,380,0,0,0.124766,0.000665,0,2,6
372,387,0,0,0.125037,0.000692,0,2,6
376,393,0,0,0.123499,0.000724,0,2,6
381,400,0,0,0.128074,0.000574,0,2,6
386,406,0,0,0.124379,0.000594,0,2,6
392,413,0,0,0.207047,0.000857,0,2,6
395,416,0,0,0.1235,0.000678,0,2,6
396,419,0,0,0.126332,0.000647,0,2,6
401,422,0,0,0.210359,0.000708,0,2,6
411,430,0,0,0.130793,0.000688,0,2,6
419,438,0,0,0.121535,0.000557,0,2,6
427,443,0,0,0.16556,0.000535,0,2,6
435,449,0,0,0.120582,0.000745,0,2,6
445,455,0,0,0.134972,0.000618,0,2,6
454,461,0,0,0.123981,0.00066,0,2,6
457,464,0,0,0.167787,0.000764,0,2,6
461,466,0,0,0.123927,0.000513,0,2,6
470,472,0,0,0.106354,0.000514,0,2,6
473,474,0,0,0.176177,0.00067,0,2,6
477,477,0,0,0.175865,0.000637,0,2,6
483,482,0,0,0.230875,0.000649,0,2,6
489,488,0,0,0.179096,0.000625,0,2,6
491,491,0,0,0.174913,0.000857,0,2,6
494,492,0,0,0.226191,0.000779,0,2,6
496,494,0,0,0.178632,0.000779,0,2,6
496,495,0,0,0.187685,0.000702,0,2,6
500,498,0,0,0.216042,0.000716,0,2,6
502,500,0,0,0.152133,0.000744,0,2,6
503,501,0,0,0.156483,0.000685,0,2,6
503,501,0,0,0.205654,0.000793,0,2,6
503,501,0,0,0.120422,0.000645,0,2,6
503,501,0,0,0.123957,0.00059,0,2,6
493,491,0,0,0.160817,0.000645,0,2,6
454,445,0,0,0.121143,0.000619,0,2,6
391,376,0,0,0.151397,0.000827,0,2,6
355,331,0,0,0.183966,0.000552,0,2,6
340,312,0,0,0.136536,0.000752,0,2,6
330,298,0,0,0.181871,0.000604,0,2,6
327,295,0,0,0.201891,0.000668,0,2,6
327,295,0,0,0.163267,0.00069,0,2,6
327,295,0,0,0.155537,0.000801,0,2,6
327,297,0,0,0.198264,0.000848,0,2,6
383,353,0,0,0.149052,0.000653,0,2,6
428,396,0,0,0.155662,0.000824,0,2,6
457,429,0,0,0.187442,0.000744,0,2,6
473,458,0,0,0.156939,0.000863,0,2,6
477,469,0,0,0.180987,0.000708,0,2,6
480,474,0,0,0.186275,0.000773,0,2,6
480,474,0,0,0.175498,0.000744,0,2,6
480,474,0,0,0.176736,0.000702,0,2,6
480,474,0,0,0.201907,0.00081,0,2,6
480,477,0,0,0.195792,0.000793,0,2,6
483,487,0,0,0.176091,0.000736,0,2,6
486,507,0,0,0.128322,0.000747,0,2,6
486,511,0,0,0.119897,0.000574,0,2,6
486,511,0,0,0.176937,0.000698,0,2,6
486,511,0,0,0.235925,0.000817,0,2,6
486,514,0,0,0.179731,0.000964,0,2,6
486,514,0,0,0.193657,0.000697,0,2,6
489,515,0,0,0.206733,0.000779,0,2,6
490,515,0,0,0.175794,0.000732,0,2,6
490,511,0,0,0.173667,0.000811,0,2,6
490,502,0,0,0.196739,0.000798,0,2,6
490,497,0,0,0.178523,0.000805,0,2,6
490,497,0,0,0.153077,0.000722,0,2,6
491,497,0,0,0.202979,0.000743,0,2,6
491,497,0,0,0.168817,0.000851,0,2,6
493,497,0,0,0.157692,0.000797,0,2,6
496,498,0,0,0.158952,0.000724,0,2,6
499,500,0,0,0.168262,0.000732,0,2,6
502,501,0,0,0.123324,0.000625,0,2,6
510,501,0,0,0.174345,0.000669,0,2,6
512,501,0,0,0.122496,0.000727,0,2,6
512,501,0,0,0.122514,0.000678,0,2,6
510,501,0,0,0.182087,0.000719,0,2,6
506,501,0,0,0.123307,0.000644,0,2,6
499,502,0,0,0.121516,0.0006,0,2,6
497,502,0,0,0.176765,0.000591,0,2,6
496,502,0,0,0.174932,0.000625,0,2,6
496,502,0,0,0.177578,0.000833,0,2,6
497,502,0,0,0.231754,0.000649,0,2,6
500,502,0,0,0.190531,0.000708,0,2,6
500,502,0,0,0.175121,0.000774,0,2,6
504,501,0,0,0.17479,0.000786,0,2,6
512,501,0,0,0.177444,0.000793,0,2,6
525,500,0,0,0.193165,0.000744,0,2,6
529,498,0,0,0.192161,0.00077,0,2,6
556,508,0,0,0.155025,0.00079,0,2,6
581,527,0,0,0.140784,0.000549,0,2,6
612,567,0,0,0.151084,0.000787,0,2,6
633,592,0,0,0.119737,0.000657,0,2,6
634,596,0,0,0.122916,0.000686,0,2,6
637,596,0,0,0.137596,0.000634,0,2,6
651,593,0,0,0.163984,0.000714,0,2,6
651,593,0,0,0.153745,0.000721,0,2,6
651,593,0,0,0.159594,0.000859,0,2,6
651,593,0,0,0.125131,0.000725,0,2,6
651,592,0,0,0.123134,0.000657,0,2,6
651,592,0,0,0.123296,0.000596,0,2,6
651,592,0,0,0.138371,0.000593,0,2,6
631,586,0,0,0.139465,0.000615,0,2,6
589,536,0,0,0.167821,0.000801,0,2,6
548,446,0,0,0.154381,0.000797,0,2,6
513,340,0,0,0.221536,0.000698,0,2,6
480,249,0,0,0.123014,0.000637,0,2,6
460,213,0,0,0.124458,0.000681,0,2,6
458,212,0,0,0.122231,0.000588,0,2,6
458,212,0,0,0.121942,0.000988,0,2,6
458,212,0,0,0.126324,0.000607,0,2,6
458,212,0,0,0.211796,0.000798,0,2,6
458,212,0,0,0.132689,0.000638,0,2,6
458,212,0,0,0.133399,0.000634,0,2,6
458,212,0,0,0.143558,0.000571,0,2,6
458,212,0,0,0.121493,0.000643,0,2,6
458,212,0,0,0.122636,0.000657,0,2,6
458,212,0,0,0.122345,0.000699,0,2,6
458,212,0,0,0.122941,0.000653,0,2,6
458,212,0,0,0.130348,0.000686,0,2,6
458,212,0,0,0.178095,0.000697,0,2,6
458,212,0,0,0.122882,0.00064,0,2,6
458,212,0,0,0.121818,0.000582,0,2,6
458,212,0,0,0.123072,0.000677,0,2,6
458,212,0,0,0.123522,0.000646,0,2,6
458,212,0,0,0.135281,0.000724,0,2,6
458,212,0,0,0.163649,0.000827,0,2,6
458,212,0,0,0.122227,0.000578,0,2,6
458,212,0,0,0.174221,0.000889,0,2,6
458,212,0,0,0.238838,0.000838,0,2,6
458,210,0,0,0.138515,0.000558,0,2,6
455,193,0,0,0.122975,0.000553,0,2,6
455,190,0,0,0.123288,0.000619,0,2,6
455,190,0,0,0.159608,0.000829,0,2,6
455,190,0,0,0.130977,0.000663,0,2,6
463,193,0,0,0.136153,0.000725,0,2,6
476,202,0,0,0.129744,0.000831,0,2,6
497,213,0,0,0.121447,0.000644,0,2,6
539,229,0,0,0.126882,0.000646,0,2,6
550,232,0,0,0.129118,0.000732,0,2,6
550,232,0,0,0.164582,0.000647,0,2,6
550,232,0,0,0.143163,0.000799,0,2,6
545,223,0,0,0.216803,0.000887,0,2,6
540,212,0,0,0.122252,0.000641,0,2,6
536,202,0,0,0.122068,0.000542,0,2,6
529,187,0,0,0.120073,0.000778,0,2,6
527,184,0,0,0.121433,0.000569,0,2,6
526,181,0,0,0.122956,0.000632,0,2,6
523,176,0,0,0.121162,0.000803,0,2,6
523,176,0,0,0.140188,0.000694,0,2,6
523,176,0,0,0.199704,0.000671,0,2,6
523,176,1,0,0.161548,0.000798,0,2,6
523,176,0,0,0.277503,0.712347,0.648594,3,10
523,176,0,0,0.333162,0.000808,0,3,10
523,176,0,0,0.376371,0.000977,0,3,10
523,176,0,0,0.371814,0.00073,0,3,10
523,176,0,0,0.424131,0.000805,0,3,10
523,176,0,0,0.374934,0.000815,0,3,10
523,176,0,0,0.288507,0.000833,0,3,10
523,176,0,0,0.355246,0.000639,0,3,10
523,176,0,0,0.25777,0.000821,0,3,10
533,193,0,0,0.283018,0.000774,0,3,10
561,256,0,0,0.287627,0.00064,0,3,10
572,335,0,0,0.252149,0.000734,0,3,10
561,406,0,0,0.249441,0.000652,0,3,10
522,472,0,0,0.287167,0.000686,0,3,10
464,502,0,0,0.287229,0.000726,0,3,10
404,498,0,0,0.290799,0.000709,0,3,10
359,474,0,0,0.388869,0.000812,0,3,10
278,439,0,0,0.250886,0.000697,0,3,10
231,419,0,0,0.267799,0.000578,0,3,10
228,410,0,0,0.333595,0.000583,0,3,10
228,397,0,0,0.249948,0.000654,0,3,10
228,386,0,0,0.311078,0.000571,0,3,10
229,371,0,0,0.418253,0.000733,0,3,10
225,347,0,0,0.304124,0.000774,0,3,10
212,322,0,0,0.305881,0.000634,0,3,10
192,289,0,0,0.469228,0.00083,0,3,10
162,261,0,0,0.323569,0.000756,0,3,10
146,250,0,0,0.330782,0.000733,0,3,10
142,245,0,0,0.332111,0.000729,0,3,10
142,242,0,0,0.259565,0.000621,0,3,10
134,235,0,0,0.288341,0.000784,0,3,10
131,225,0,0,0.445732,0.000881,0,3,10
129,214,0,0,0.324637,0.000793,0,3,10
127,212,0,0,0.290334,0.000669,0,3,10
127,212,0,0,0.336591,0.000821,0,3,10
127,212,1,0,0.296348,0.000895,0,3,10
127,212,0,0,0.456428,1.15055,1.03303,4,16
127,212,0,0,0.519525,0.000844,0,4,16
127,212,0,0,0.572038,0.000953,0,4,16
127,212,0,0,0.361554,0.000637,0,4,16
127,212,0,0,0.413763,0.000641,0,4,16
127,212,0,0,0.36115,0.000818,0,4,16
131,235,0,0,0.364981,0.000588,0,4,16
140,291,0,0,0.575439,0.000739,0,4,16
143,340,0,0,0.433007,0.000831,0,4,16
144,379,0,0,0.466664,0.000815,0,4,16
144,426,0,0,0.526652,0.000721,0,4,16
136,459,0,0,0.485366,0.000755,0,4,16
126,478,0,0,0.513059,0.000743,0,4,16
123,490,0,0,0.520174,0.000642,0,4,16
121,494,0,0,0.503371,0.000589,0,4,16
121,494,0,0,0.520668,0.000653,0,4,16
121,494,0,0,0.366724,0.00049,0,4,16
121,494,0,0,0.497108,0.000606,0,4,16
121,494,0,0,0.335713,0.000629,0,4,16
121,494,1,0,0.405628,0.000695,0,4,16
121,494,0,0,0.535158,1.94796,1.85921,5,25
121,494,0,0,0.588795,0.000746,0,5,25
121,494,0,0,0.921715,0.00096,0,5,25
121,494,0,0,0.549155,0.000713,0,5,25
121,494,0,0,0.575356,0.000644,0,5,25
121,494,0,0,0.596172,0.000668,0,5,25
124,498,0,0,0.551202,0.000623,0,5,25
163,523,0,0,0.579583,0.000662,0,5,25
258,577,0,0,0.735131,0.000578,0,5,25
346,618,0,0,0.609188,0.000781,0,5,25
388,634,0,0,0.619613,0.000599,0,5,25
398,642,0,0,0.751548,0.000669,0,5,25
398,642,0,0,0.568011,0.000749,0,5,25
398,642,0,0,0.59727,0.000577,0,5,25
405,644,0,0,0.6109,0.000566,0,5,25
408,644,0,0,0.5906,0.000721,0,5,25
408,644,0,0,0.744587,0.000635,0,5,25
408,644,1,0,0.624146,0.000614,0,5,25
408,644,0,0,0.700086,2.55722,2.43573,6,30
408,644,0,0,0.818519,0.000804,0,6,30
408,644,0,0,0.697453,0.000767,0,6,30
408,644,0,0,0.630672,0.000532,0,6,30
408,644,0,0,0.655406,0.000473,0,6,30
408,644,0,0,0.821042,0.00057,0,6,30
409,644,0,0,0.856243,0.000761,0,6,30
460,645,0,0,0.789395,0.000586,0,6,30
517,641,0,0,0.761882,0.00063,0,6,30
565,622,0,0,0.836644,0.000543,0,6,30
582,602,0,0,0.842174,0.000597,0,6,30
602,576,0,0,0.770401,0.000615,0,6,30
615,556,0,0,0.748304,0.000615,0,6,30
628,536,0,0,0.699675,0.000756,0,6,30
648,524,0,0,0.838837,0.00056,0,6,30
650,523,0,0,0.923406,0.000723,0,6,30
650,523,1,0,0.947012,0.000739,0,6,30
650,523,0,0,0.860454,3.67598,3.50326,7,37
650,523,0,0,1.01319,0.000913,0,7,37
650,523,0,0,1.0254,0.000846,0,7,37
650,523,0,0,1.00695,0.000775,0,7,37
650,523,0,0,1.00814,0.000764,0,7,37
651,517,0,0,1.01439,0.000693,0,7,37
661,478,0,0,1.05268,0.000599,0,7,37
670,430,0,0,1.02273,0.00078,0,7,37
676,392,0,0,0.906456,0.000619,0,7,37
677,371,0,0,1.00389,0.00054,0,7,37
677,344,0,0,0.942829,0.000693,0,7,37
676,321,0,0,1.0169,0.000619,0,7,37
676,295,0,0,1.04751,0.000615,0,7,37
677,275,0,0,1.05756,0.000667,0,7,37
677,263,0,0,0.950728,0.000806,0,7,37
677,263,1,0,0.934609,0.000623,0,7,37
677,263,0,0,1.05233,4.24878,4.11184,8,44
677,263,0,0,1.01485,0.000726,0,8,44
677,263,0,0,1.06405,0.000778,0,8,44
677,263,0,0,1.01923,0.000684,0,8,44
677,263,0,0,1.0577,0.000599,0,8,44
677,262,0,0,1.21638,0.000857,0,8,44
664,212,0,0,1.02127,0.000755,0,8,44
627,170,0,0,1.39645,0.000746,0,8,44
595,148,0,0,1.05065,0.000654,0,8,44
576,140,0,0,1.04882,0.000561,0,8,44
563,135,0,0,1.014,0.000584,0,8,44
559,134,0,0,1.58659,0.000778,0,8,44
559,134,1,0,1.00678,0.00066,0,8,44
559,134,0,0,1.10624,5.27312,5.11041,9,49
559,134,0,0,1.22793,0.000794,0,9,49
559,134,0,0,1.2811,0.000822,0,9,49
559,134,0,0,1.20045,0.000528,0,9,49
559,134,0,0,1.22723,0.000552,0,9,49
559,134,0,0,2.27223,0.000719,0,9,49
522,131,0,0,1.12856,0.000713,0,9,49
427,125,0,0,1.25689,0.000691,0,9,49
376,124,0,0,1.20962,0.000787,0,9,49
375,124,0,0,1.17597,0.000696,0,9,49
375,124,0,0,1.23537,0.000688,0,9,49
375,124,1,0,1.29666,0.000728,0,9,49
375,124,0,0,1.34163,6.95785,6.73554,10,55
375,124,0,0,1.64525,0.000864,0,10,55
375,124,0,0,1.71185,0.000855,0,10,55
375,124,0,0,1.15175,0.000609,0,10,55
375,124,0,0,1.34833,0.000574,0,10,55
375,124,0,0,1.20704,0.000521,0,10,55
372,124,0,0,1.44798,0.000646,0,10,55
281,124,0,0,1.38876,0.000691,0,10,55
226,124,0,0,1.37603,0.000563,0,10,55
221,122,0,0,2.84779,0.000958,0,10,55
201,119,0,0,2.19798,0.000815,0,10,55
156,115,0,0,1.64036,0.000764,0,10,55
104,111,0,0,1.62281,0.000755,0,10,55
81,111,0,0,1.36178,0.00072,0,10,55
93,114,0,0,1.57915,0.000769,0,10,55
93,114,1,0,1.56853,0.000751,0,10,55
93,114,0,0,1.44056,7.61707,7.41171,11,61
93,114,0,0,1.48219,0.000692,0,11,61
93,114,0,0,1.83472,0.000869,0,11,61
93,114,0,0,1.58496,0.000572,0,11,61
93,115,0,0,1.45726,0.000577,0,11,61
94,122,0,0,1.47101,0.000486,0,11,61
94,164,0,0,1.67721,0.000922,0,11,61
90,235,0,0,1.57277,0.000857,0,11,61
85,301,0,0,1.8027,0.000807,0,11,61
80,374,0,0,2.02247,0.000855,0,11,61
81,426,0,0,1.67657,0.000726,0,11,61
82,433,0,0,1.87258,0.000771,0,11,61
82,433,0,0,1.73127,0.000754,0,11,61
82,433,1,0,1.70593,0.000663,0,11,61
82,433,0,0,1.62197,9.08926,8.89368,12,65
82,433,0,0,1.53138,0.000821,0,12,65
80,433,0,0,1.69682,0.001053,0,12,65
80,442,0,0,1.53663,0.000748,0,12,65
80,495,0,0,1.41399,0.000773,0,12,65
67,547,0,0,1.50871,0.000688,0,12,65
64,583,0,0,1.59439,0.000718,0,12,65
61,619,0,0,1.64302,0.000662,0,12,65
61,631,0,0,1.68679,0.000838,0,12,65
59,636,0,0,1.7295,0.000667,0,12,65
61,641,0,0,1.64133,0.000737,0,12,65
62,641,1,0,1.92585,0.000726,0,12,65
62,641,0,0,1.58915,9.19027,9.03103,13,69
59,641,0,0,1.69311,0.000625,0,13,69
59,642,0,0,2.03497,0.00066,0,13,69
70,648,0,0,1.61673,0.000667,0,13,69
104,644,0,0,1.6009,0.000722,0,13,69
108,641,0,0,1.52508,0.00068,0,13,69
110,641,0,0,1.74735,0.000553,0,13,69
118,641,0,0,1.52124,0.000701,0,13,69
120,641,0,0,1.94208,0.000701,0,13,69
120,639,0,0,1.82057,0.001234,0,13,69
120,639,0,0,1.62237,0.000609,0,13,69
120,632,0,0,1.5875,0.000498,0,13,69
121,616,0,0,1.60373,0.00059,0,13,69
123,599,0,0,1.82134,0.000584,0,13,69
123,589,0,0,1.83891,0.000729,0,13,69
123,576,0,0,2.84466,0.000784,0,13,69
123,573,0,0,1.83718,0.00074,0,13,69
121,572,0,0,1.87305,0.00075,0,13,69
121,572,0,0,2.2058,0.00091,0,13,69
124,567,0,0,1.81188,0.000933,0,13,69
126,554,0,0,1.799,0.000712,0,13,69
129,537,0,0,1.9022,0.000751,0,13,69
130,528,0,0,2.33847,0.000718,0,13,69
130,527,0,0,1.98394,0.000691,0,13,69
131,530,0,0,1.92462,0.00073,0,13,69
131,533,0,0,1.88245,0.000701,0,13,69
131,536,0,0,2.04103,0.000742,0,13,69
131,537,0,0,1.79415,0.00075,0,13,69
130,537,0,0,1.71791,0.000646,0,13,69
130,537,0,0,1.80207,0.000886,0,13,69
126,537,0,0,1.78907,0.000857,0,13,69
117,533,0,0,2.65047,0.000779,0,13,69
113,531,0,0,1.74649,0.000706,0,13,69
104,531,0,0,2.01153,0.000675,0,13,69
101,543,0,0,1.95905,0.000699,0,13,69
110,547,0,0,1.89828,0.000752,0,13,69
110,547,0,0,1.91358,0.00066,0,13,69
104,544,0,0,1.92182,0.000629,0,13,69
104,544,0,0,1.88349,0.000666,0,13,69
106,550,0,0,2.11245,0.000731,0,13,69
104,560,0,0,2.0309,0.000769,0,13,69
104,560,0,0,1.98955,0.000676,0,13,69
104,560,0,0,1.99639,0.000825,0,13,69
104,560,0,0,1.88729,0.000868,0,13,69
101,560,0,0,1.8794,0.000657,0,13,69
98,560,0,0,1.90538,0.00064,0,13,69
98,560,0,0,1.89541,0.000936,0,13,69
85,566,0,0,2.0134,0.000702,0,13,69
72,576,0,0,1.89554,0.000643,0,13,69
62,598,0,0,1.89258,0.000719,0,13,69
44,622,0,0,1.88505,0.000799,0,13,69
38,628,0,0,1.98953,0.00066,0,13,69
36,626,0,0,1.91574,0.00084,0,13,69
35,628,0,0,1.92043,0.000763,0,13,69
34,628,0,0,2.138,0.000732,0,13,69
36,631,0,0,1.88983,0.000745,0,13,69
38,639,0,0,1.96733,0.000645,0,13,69
41,642,0,0,2.20027,0.000851,0,13,69
42,642,0,0,1.86394,0.000827,0,13,69
42,642,0,0,1.91357,0.000671,0,13,69
42,642,0,0,1.9131,0.000648,0,13,69
44,642,0,0,1.88513,0.000727,0,13,69
49,645,0,0,1.89885,0.00078,0,13,69
55,646,0,0,2.18345,0.000815,0,13,69
57,646,0,0,2.52384,0.000689,0,13,69
58,646,0,0,2.02173,0.000894,0,13,69
58,646,0,0,1.88648,0.000899,0,13,69
62,646,0,0,1.90845,0.000888,0,13,69
64,646,0,0,1.9238,0.000827,0,13,69
65,645,0,0,1.82726,0.000966,0,13,69
70,642,0,0,2.02441,0.000788,0,13,69
80,636,0,0,1.82451,0.000766,0,13,69
80,635,0,0,1.81679,0.00077,0,13,69
80,635,0,0,2.64119,0.000648,0,13,69
78,635,0,0,1.94206,0.000759,0,13,69
77,635,0,0,1.82581,0.000726,0,13,69
74,635,0,0,1.94677,0.001074,0,13,69
72,635,0,0,1.84049,0.000593,0,13,69
71,635,0,0,1.86023,0.000563,0,13,69
68,636,0,0,1.80124,0.000577,0,13,69
67,636,0,0,1.89787,0.000923,0,13,69
64,638,0,0,1.86033,0.000542,0,13,69
59,644,0,0,1.91307,0.000594,0,13,69
58,644,0,0,1.92633,0.000621,0,13,69
57,644,0,0,1.78194,0.000548,0,13,69
52,638,0,0,1.98788,0.000589,0,13,69
54,634,0,0,2.4618,0.000603,0,13,69
57,634,0,0,1.87055,0.000809,0,13,69
59,634,0,0,2.1312,0.000889,0,13,69
64,635,0,0,1.83881,0.000592,0,13,69
67,636,0,0,1.81608,0.000764,0,13,69
68,638,0,0,1.97591,0.000659,0,13,69
68,638,0,0,1.91908,0.000686,0,13,69
68,638,0,0,1.90092,0.000751,0,13,69
64,641,0,0,2.0265,0.000665,0,13,69
61,642,0,0,2.11496,0.000813,0,13,69
58,645,0,0,1.78843,0.000691,0,13,69
57,645,0,0,1.97914,0.000621,0,13,69
57,646,0,0,2.03219,0.000851,0,13,69
57,649,0,0,1.89635,0.000744,0,13,69
58,649,0,0,1.98072,0.000818,0,13,69
58,649,0,0,1.90447,0.00065,0,13,69
58,649,0,0,1.95064,0.000785,0,13,69
58,649,0,0,1.92807,0.000669,0,13,69
58,649,0,0,1.97634,0.000782,0,13,69
59,649,0,0,1.86867,0.00072,0,13,69
59,649,0,0,2.00036,0.000775,0,13,69
59,649,0,0,1.88438,0.000743,0,13,69
61,648,0,0,1.83652,0.000993,0,13,69
64,646,0,0,1.81199,0.000749,0,13,69
64,646,0,0,1.88095,0.000664,0,13,69
64,646,0,0,1.97855,0.000698,0,13,69
64,646,0,0,1.92863,0.000832,0,13,69
64,646,0,0,2.12585,0.00072,0,13,69
64,646,0,0,2.03761,0.000796,0,13,69
64,646,0,0,1.80934,0.000603,0,13,69
64,646,0,0,2.03074,0.000761,0,13,69
64,646,0,0,1.77734,0.000535,0,13,69
64,646,0,0,2.39521,0.000595,0,13,69
64,646,0,0,1.80507,0.000625,0,13,69
64,646,0,0,1.82664,0.000632,0,13,69
64,646,0,0,1.92337,0.000481,0,13,69
64,645,0,0,1.88396,0.000728,0,13,69
64,644,0,0,1.85547,0.000874,0,13,69
64,639,0,0,1.93306,0.000662,0,13,69
64,639,0,0,1.93039,0.001116,0,13,69
65,639,0,0,1.81076,0.000831,0,13,69
65,639,0,0,2.56853,0.000658,0,13,69
65,639,0,0,1.75235,0.000679,0,13,69
65,639,0,0,1.88226,0.00068,0,13,69
65,639,0,0,1.84153,0.000526,0,13,69
65,639,0,0,1.59291,0.000553,0,13,69
65,639,0,0,1.76364,0.000497,0,13,69
65,639,0,0,1.82076,0.000561,0,13,69
65,639,0,0,1.65808,0.000597,0,13,69
64,639,0,0,1.57006,0.000656,0,13,69
64,639,0,0,1.57812,0.000551,0,13,69
64,639,0,0,1.63734,0.000631,0,13,69
64,639,0,0,1.74852,0.000739,0,13,69
62,639,0,0,1.51964,0.000762,0,13,69
62,641,0,0,1.5904,0.000512,0,13,69
59,644,0,0,1.61934,0.000847,0,13,69
59,645,0,0,1.54788,0.000676,0,13,69
59,645,0,0,1.64142,0.000487,0,13,69
59,645,0,1,1.52008,0.000778,0,13,69
59,645,0,0,1.35511,7.9161,7.65496,12,65
59,645,0,0,1.55821,0.000806,0,12,65
61,645,0,0,1.85721,0.000906,0,12,65
64,642,0,0,1.62335,0.000597,0,12,65
64,642,0,0,1.53977,0.000576,0,12,65
65,642,0,0,1.53466,0.000871,0,12,65
65,641,0,0,1.53144,0.000666,0,12,65
65,641,0,0,1.61348,0.000558,0,12,65
67,641,0,0,1.67471,0.000916,0,12,65
67,641,0,0,1.46977,0.000664,0,12,65
68,641,0,0,1.45996,0.000494,0,12,65
68,639,0,0,1.40697,0.000531,0,12,65
71,636,0,0,1.50097,0.00056,0,12,65
75,629,0,0,1.44056,0.000495,0,12,65
78,623,0,0,1.46136,0.000508,0,12,65
87,606,0,0,1.43305,0.000565,0,12,65
101,576,0,0,1.61809,0.000499,0,12,65
111,562,0,0,1.46669,0.000649,0,12,65
111,562,0,0,2.18029,0.000874,0,12,65
113,562,0,0,1.64507,0.000553,0,12,65
120,556,0,0,1.5438,0.000717,0,12,65
130,541,0,0,2.32662,0.000675,0,12,65
131,531,0,0,1.62209,0.000602,0,12,65
133,527,0,0,1.67241,0.000669,0,12,65
133,526,0,0,1.71473,0.000572,0,12,65
131,526,0,0,1.6659,0.000547,0,12,65
130,521,0,0,1.45511,0.000593,0,12,65
129,514,0,0,1.44364,0.00061,0,12,65
130,507,0,0,1.64269,0.000666,0,12,65
130,504,0,0,1.63699,0.000666,0,12,65
130,502,0,0,1.69036,0.000686,0,12,65
130,502,0,0,1.69715,0.000667,0,12,65
129,502,0,0,1.88779,0.000946,0,12,65
129,500,0,0,2.00893,0.000888,0,12,65
127,500,0,0,1.63007,0.000577,0,12,65
126,498,0,0,1.60418,0.000623,0,12,65
123,498,0,0,1.61012,0.000547,0,12,65
123,497,0,0,1.66547,0.000645,0,12,65
123,497,0,0,1.65678,0.000594,0,12,65
123,497,0,0,1.73562,0.000696,0,12,65
123,497,0,0,1.76957,0.00055,0,12,65
123,497,0,1,1.65653,0.000794,0,12,65
123,495,0,0,1.68013,7.9299,7.72722,11,61
123,495,0,0,1.49873,0.000717,0,11,61
123,495,0,0,1.47274,0.000868,0,11,61
123,495,0,0,1.32003,0.000637,0,11,61
123,495,0,0,1.35732,0.00053,0,11,61
123,495,0,0,1.33347,0.000514,0,11,61
121,491,0,0,1.70329,0.000555,0,11,61
106,458,0,0,1.55142,0.000844,0,11,61
90,418,0,0,1.52235,0.000671,0,11,61
84,400,0,0,1.54692,0.000698,0,11,61
84,400,0,0,1.54336,0.00076,0,11,61
84,400,0,0,1.57999,0.000774,0,11,61
84,400,0,0,1.3205,0.000573,0,11,61
84,402,0,0,1.49708,0.000645,0,11,61
81,409,0,0,1.36347,0.000645,0,11,61
78,418,0,0,1.30187,0.000604,0,11,61
78,428,0,0,1.48569,0.000619,0,11,61
80,430,0,0,1.45519,0.000612,0,11,61
80,430,0,0,1.49109,0.000636,0,11,61
80,430,0,0,1.31299,0.000562,0,11,61
80,430,0,0,1.27909,0.000505,0,11,61
81,432,0,0,1.3601,0.000699,0,11,61
81,432,0,0,1.56627,0.000741,0,11,61
81,432,0,1,1.68621,0.000785,0,11,61
81,432,0,0,1.14516,6.52101,6.30942,10,54
81,432,0,0,1.43252,0.000673,0,10,54
81,432,0,0,1.35291,0.000693,0,10,54
81,430,0,0,1.85244,0.000712,0,10,54
81,430,0,0,1.20888,0.000593,0,10,54
81,430,0,0,1.14968,0.000587,0,10,54
111,419,0,0,1.58781,0.00065,0,10,54
201,393,0,0,1.55297,0.000604,0,10,54
287,354,0,0,1.4035,0.000626,0,10,54
301,343,0,0,1.43282,0.000558,0,10,54
293,341,0,0,1.50256,0.000645,0,10,54
288,340,0,0,1.40834,0.000601,0,10,54
286,340,0,0,1.36402,0.000696,0,10,54
283,337,0,0,1.50219,0.000683,0,10,54
281,333,0,0,1.37966,0.000671,0,10,54
287,325,0,0,1.49228,0.000848,0,10,54
294,311,0,0,1.51762,0.000755,0,10,54
296,299,0,0,1.38847,0.00075,0,10,54
296,295,0,0,1.36887,0.000694,0,10,54
297,294,0,0,1.3499,0.000757,0,10,54
297,294,0,0,1.36234,0.000768,0,10,54
297,294,0,0,1.40502,0.000864,0,10,54
296,294,0,0,1.3837,0.000797,0,10,54
296,294,0,0,1.34657,0.00084,0,10,54
297,294,0,0,1.50143,0.000725,0,10,54
298,297,0,0,1.45144,0.00087,0,10,54
298,299,0,0,1.46039,0.000767,0,10,54
298,302,0,0,1.50675,0.00075,0,10,54
298,302,0,0,1.4841,0.000636,0,10,54
300,302,0,0,1.46478,0.000816,0,10,54
300,302,0,0,1.49988,0.000769,0,10,54
300,302,0,1,1.37386,0.000701,0,10,54
300,302,0,0,1.12245,5.26723,5.06355,9,47
300,302,0,0,1.20008,0.000976,0,9,47
300,302,0,0,1.19209,0.000904,0,9,47
300,302,0,0,1.59801,0.000593,0,9,47
300,302,0,0,1.01797,0.000495,0,9,47
300,302,0,0,1.11909,0.000736,0,9,47
300,302,0,0,1.37091,0.000915,0,9,47
300,302,0,0,1.28063,0.000627,0,9,47
300,302,0,0,1.2033,0.000685,0,9,47
297,307,0,0,1.1675,0.000651,0,9,47
288,315,0,0,1.16715,0.000589,0,9,47
284,321,0,0,1.14968,0.000669,0,9,47
280,328,0,0,1.22011,0.000625,0,9,47
271,348,0,0,1.31059,0.000641,0,9,47
261,363,0,0,1.2754,0.000535,0,9,47
255,370,0,0,1.20407,0.000726,0,9,47
251,379,0,0,1.19683,0.000669,0,9,47
248,390,0,0,1.18536,0.000829,0,9,47
241,416,0,0,1.18046,0.000672,0,9,47
224,459,0,0,1.22067,0.00074,0,9,47
218,514,0,0,1.18581,0.000762,0,9,47
218,562,0,0,1.29568,0.000792,0,9,47
218,590,0,0,1.48476,0.000654,0,9,47
221,600,0,0,1.27046,0.000859,0,9,47
221,602,0,0,1.29217,0.000629,0,9,47
221,599,0,0,1.30631,0.000594,0,9,47
221,599,0,0,1.18141,0.000765,0,9,47
221,599,1,0,1.20309,0.000764,0,9,47
221,599,0,0,1.29764,6.26067,6.0729,10,53
221,599,0,0,1.33219,0.00097,0,10,53
221,593,0,0,1.55307,0.000756,0,10,53
212,564,0,0,1.4888,0.000662,0,10,53
175,521,0,0,1.19142,0.000668,0,10,53
127,479,0,0,1.16851,0.000559,0,10,53
93,452,0,0,1.16235,0.000539,0,10,53
82,443,0,0,1.16964,0.000647,0,10,53
82,443,1,0,1.33855,0.000691,0,10,53
78,454,0,0,1.57043,9.2933,9.01518,11,58
77,454,0,0,1.46787,0.000917,0,11,58
85,449,0,0,1.44926,0.000745,0,11,58
104,438,0,0,1.50514,0.000718,0,11,58
152,413,0,0,1.53112,0.000874,0,11,58
193,390,0,0,1.58228,0.00063,0,11,58
262,358,0,0,1.50234,0.000651,0,11,58
326,324,0,0,1.58184,0.000749,0,11,58
339,312,0,0,1.61231,0.000718,0,11,58
339,311,0,0,1.65107,0.000588,0,11,58
339,311,0,0,1.45365,0.000732,0,11,58
339,311,1,0,1.44511,0.000658,0,11,58
339,311,0,0,1.75323,9.2465,9.07843,12,64
340,311,0,0,1.68191,0.000921,0,12,64
346,311,0,0,1.63976,0.000608,0,12,64
349,311,0,0,1.79777,0.000853,0,12,64
356,311,0,0,1.65748,0.000703,0,12,64
373,307,0,0,1.94275,0.000857,0,12,64
404,301,0,0,1.79161,0.000858,0,12,64
431,304,0,0,1.65652,0.000655,0,12,64
444,317,0,0,1.50973,0.000546,0,12,64
406,340,0,0,1.44723,0.000528,0,12,64
327,366,0,0,0.706994,0.000225,0,12,64
257,380,0,0,0.633201,0.00022,0,12,64
219,377,0,0,0.694863,0.000245,0,12,64
203,360,0,0,0.675155,0.000223,0,12,64
190,346,0,0,0.853569,0.000338,0,12,64
186,341,0,0,1.47676,0.000491,0,12,64
185,340,0,0,1.63948,0.000623,0,12,64
185,340,1,0,1.76502,0.000565,0,12,64
185,340,0,0,2.25393,12.2495,12.0379,13,72
185,340,0,0,1.86568,0.00097,0,13,72
182,347,0,0,1.95238,0.000632,0,13,72
166,377,0,0,1.87194,0.000643,0,13,72
157,420,0,0,1.96269,0.000553,0,13,72
157,455,0,0,1.90195,0.00062,0,13,72
175,498,0,0,2.16756,0.000789,0,13,72
192,531,0,0,1.91899,0.000601,0,13,72
195,550,0,0,1.92617,0.000596,0,13,72
186,569,0,0,1.93229,0.000619,0,13,72
170,587,0,0,2.07683,0.000554,0,13,72
157,600,0,0,1.98831,0.000569,0,13,72
153,608,0,0,1.92885,0.00066,0,13,72
153,608,1,0,1.94477,0.000787,0,13,72
153,608,0,0,1.91723,10.8865,10.6957,14,77
153,618,0,0,1.72853,0.000529,0,14,77
159,646,0,0,0.763286,0.000246,0,14,77
165,698,0,0,0.764426,0.000223,0,14,77
166,727,0,0,0.776426,0.000205,0,14,77
166,729,0,0,0.786843,0.000237,0,14,77
166,729,1,0,0.795593,0.000221,0,14,77
166,733,0,0,2.04974,14.1663,13.8423,15,84
190,739,0,0,2.14039,0.000839,0,15,84
242,739,0,0,2.40135,0.000857,0,15,84
324,743,0,0,2.11518,0.000679,0,15,84
381,746,0,0,1.96952,0.000508,0,15,84
391,746,0,0,1.92246,0.000514,0,15,84
391,746,1,0,1.98532,0.000528,0,15,84
391,746,0,0,3.30074,18.1351,17.9232,16,91
391,746,0,0,2.09646,0.000669,0,16,91
405,750,0,0,2.24691,0.000601,0,16,91
440,752,0,0,3.30471,0.000607,0,16,91
483,752,0,0,2.74698,0.000581,0,16,91
519,750,0,0,2.09118,0.000566,0,16,91
529,747,0,0,2.13572,0.000542,0,16,91
529,747,1,0,2.12921,0.000478,0,16,91
529,747,0,0,3.47275,20.2359,20.001,17,97
556,739,0,0,2.51045,0.000634,0,17,97
579,726,0,0,2.27794,0.000584,0,17,97
617,713,0,0,3.58559,0.000568,0,17,97
646,707,0,0,2.31633,0.000539,0,17,97
673,700,0,0,2.22675,0.00056,0,17,97
713,680,0,0,2.25524,0.000591,0,17,97
722,671,0,0,2.25893,0.000497,0,17,97
723,670,0,0,2.23276,0.000461,0,17,97
723,670,1,0,2.43186,0.00054,0,17,97
723,670,0,0,2.6977,23.5471,23.2821,18,102
725,668,0,0,2.40379,0.000623,0,18,102
729,642,0,0,2.40648,0.000568,0,18,102
732,613,0,0,3.73438,0.000637,0,18,102
736,579,0,0,2.36839,0.000623,0,18,102
735,544,0,0,2.36313,0.000564,0,18,102
733,531,0,0,2.31575,0.000619,0,18,102
730,521,0,0,9.76908,0.000667,0,18,102
733,502,0,0,3.28088,0.000558,0,18,102
733,495,0,0,2.33801,0.000541,0,18,102
733,495,0,0,2.65815,0.000645,0,18,102
733,495,1,0,2.44998,0.000561,0,18,102
733,495,0,0,2.63353,23.1255,22.8352,19,107
733,495,0,0,3.01763,0.00067,0,19,107
751,461,0,0,3.75009,0.000907,0,19,107
762,425,0,0,2.58399,0.000618,0,19,107
765,382,0,0,2.67914,0.000652,0,19,107
766,344,0,0,2.90852,0.000471,0,19,107
761,324,0,0,3.76769,0.000598,0,19,107
761,324,0,0,2.59383,0.00075,0,19,107
761,324,0,0,2.77163,0.000699,0,19,107
761,324,0,0,3.07855,0.000758,0,19,107
761,322,1,0,2.49651,0.000486,0,19,107
761,322,0,0,3.44211,25.1141,24.8317,20,112
761,321,0,0,2.56824,0.000643,0,20,112
761,314,0,0,3.27521,0.000817,0,20,112
771,297,0,0,4.22852,0.000618,0,20,112
771,282,0,0,4.15703,0.000553,0,20,112
759,259,0,0,2.80646,0.000541,0,20,112
752,232,0,0,2.6924,0.000546,0,20,112
746,210,0,0,2.7793,0.000657,0,20,112
739,189,0,0,2.78762,0.000671,0,20,112
729,167,0,0,2.82053,0.000696,0,20,112
729,164,0,0,2.87522,0.000753,0,20,112
729,164,1,0,4.0604,0.000661,0,20,112
729,164,0,0,2.73348,27.2535,26.8622,21,118
729,164,0,0,3.15306,0.001177,0,21,118
729,163,0,0,2.95221,0.000499,0,21,118
728,150,0,0,2.85542,0.000636,0,21,118
720,131,0,0,2.92185,0.000637,0,21,118
705,106,0,0,4.22884,0.00061,0,21,118
682,86,0,0,4.372,0.000796,0,21,118
676,79,0,0,1.82909,0.000336,0,21,118
671,70,0,0,2.89715,0.000635,0,21,118
670,69,1,0,3.35138,0.000908,0,21,118
670,69,0,0,2.84681,32.2145,31.9058,22,123
670,69,0,0,3.04776,0.000489,0,22,123
670,69,0,0,3.14755,0.000649,0,22,123
656,69,0,0,4.64503,0.000638,0,22,123
628,69,0,0,2.85957,0.000607,0,22,123
592,66,0,0,2.95757,0.000444,0,22,123
571,63,0,0,2.86915,0.000503,0,22,123
552,63,0,0,2.93556,0.000497,0,22,123
525,63,0,0,3.41279,0.000594,0,22,123
509,63,0,0,3.6366,0.000656,0,22,123
509,63,1,0,3.80947,0.000738,0,22,123
509,63,0,0,3.11116,31.7301,31.3142,23,132
507,63,0,0,3.45963,0.000656,0,23,132
507,63,0,0,3.24521,0.00077,0,23,132
484,70,0,0,3.23172,0.000629,0,23,132
431,75,0,0,3.20509,0.000647,0,23,132
396,75,0,0,3.2447,0.000609,0,23,132
381,73,0,0,3.70529,0.000738,0,23,132
363,69,0,0,3.27571,0.000533,0,23,132
352,69,0,0,3.34889,0.000625,0,23,132
352,69,0,0,3.15679,0.000689,0,23,132
352,69,1,0,3.2148,0.000639,0,23,132
352,69,0,0,4.84024,36.9681,36.6408,24,138
350,69,0,0,5.18291,0.000657,0,24,138
313,69,0,0,5.46011,0.000637,0,24,138
257,69,0,0,5.48853,0.001014,0,24,138
215,69,0,0,5.55734,0.000519,0,24,138
212,69,0,0,5.36199,0.000796,0,24,138
212,69,0,0,5.29734,0.000657,0,24,138
212,69,0,0,5.37146,0.00056,0,24,138
212,69,1,0,5.36432,0.000792,0,24,138
212,69,0,0,3.63951,38.2559,37.9264,25,144
205,69,0,0,3.42361,0.000532,0,25,144
188,69,0,0,3.44128,0.000546,0,25,144
144,69,0,0,3.48935,0.00062,0,25,144
88,66,0,0,5.05945,0.000663,0,25,144
80,66,0,0,3.77007,0.00064,0,25,144
80,66,0,0,3.63599,0.000555,0,25,144
80,66,0,0,4.16623,0.000737,0,25,144
80,66,0,0,3.67506,0.000621,0,25,144
81,66,0,0,3.68215,0.000542,0,25,144
81,66,0,0,3.37306,0.000703,0,25,144
81,66,1,0,5.18228,0.000732,0,25,144
81,66,0,0,4.76298,46.3153,45.8194,26,149
80,70,0,0,4.57891,0.000545,0,26,149
64,102,0,0,4.06396,0.000662,0,26,149
48,127,0,0,5.88368,0.000596,0,26,149
39,138,0,0,7.5556,0.00082,0,26,149
36,142,0,0,4.66179,0.000524,0,26,149
38,160,0,0,6.17582,0.000707,0,26,149
41,184,0,0,6.15292,0.000616,0,26,149
42,204,0,0,4.58641,0.000855,0,26,149
44,209,0,0,5.63013,0.000518,0,26,149
44,209,1,0,5.59434,0.000686,0,26,149
44,209,0,0,1.57507,21.541,21.2684,27,156
44,209,0,0,2.5186,0.000404,0,27,156
45,219,0,0,2.71266,0.000364,0,27,156
45,236,0,0,2.70814,0.000275,0,27,156
45,253,0,0,2.62526,0.000313,0,27,156
45,266,0,0,2.5184,0.000283,0,27,156
41,279,0,0,2.59767,0.000261,0,27,156
41,298,0,0,2.92804,0.00047,0,27,156
41,310,0,0,2.56065,0.000357,0,27,156
38,315,0,0,2.61234,0.000271,0,27,156
38,317,1,0,2.54169,0.000327,0,27,156
38,317,0,0,2.06972,21.2601,20.9215,28,161
38,317,0,0,2.66524,0.000388,0,28,161
39,324,0,0,2.88858,0.000195,0,28,161
41,358,0,0,3.16507,0.000233,0,28,161
36,386,0,0,2.59827,0.000343,0,28,161
36,432,0,0,2.6614,0.000258,0,28,161
44,471,0,0,2.82919,0.000285,0,28,161
44,491,0,0,1.99658,0.000274,0,28,161
42,504,0,0,1.76984,0.000254,0,28,161
41,510,0,0,1.76448,0.000255,0,28,161
41,510,1,0,1.83359,0.000239,0,28,161
41,510,0,0,1.61264,20.7498,20.2709,29,167
41,510,0,0,1.85983,0.000312,0,29,167
38,510,0,0,1.80309,0.000223,0,29,167
35,520,0,0,2.20788,0.000341,0,29,167
35,553,0,0,2.23924,0.000221,0,29,167
32,580,0,0,1.78281,0.000212,0,29,167
28,605,0,0,1.7744,0.000192,0,29,167
35,629,0,0,1.78605,0.000192,0,29,167
42,649,0,0,1.72873,0.000256,0,29,167
42,655,0,0,2.14477,0.000282,0,29,167
42,655,1,0,1.81062,0.000241,0,29,167
44,655,0,0,1.77149,22.0352,21.6761,30,174
44,655,0,0,4.84437,0.000286,0,30,174
48,662,0,0,2.10607,0.000225,0,30,174
61,703,0,0,2.15102,0.000234,0,30,174
70,754,0,0,2.07559,0.000233,0,30,174
72,792,0,0,2.00984,0.000278,0,30,174
72,792,0,0,1.96667,0.000236,0,30,174
65,789,0,0,2.07183,0.000244,0,30,174
62,789,1,0,2.1388,0.000322,0,30,174
62,789,0,0,1.72305,23.649,23.3368,31,179
61,789,0,0,1.95337,0.000246,0,31,179
59,786,0,0,1.99219,0.00024,0,31,179
62,778,0,0,2.08059,0.000197,0,31,179
62,776,0,0,2.03069,0.000224,0,31,179
65,772,0,0,2.89058,0.000228,0,31,179
71,763,0,0,2.07205,0.000219,0,31,179
75,759,0,0,1.9602,0.000218,0,31,179
106,759,0,0,2.08072,0.000201,0,31,179
160,760,0,0,1.90253,0.0002,0,31,179
216,760,0,0,1.86498,0.000228,0,31,179
286,760,0,0,1.87878,0.000257,0,31,179
343,762,0,0,1.86099,0.0003,0,31,179
345,762,0,0,1.87855,0.000215,0,31,179
345,762,0,0,2.12791,0.000256,0,31,179
345,762,1,0,2.04422,0.000212,0,31,179
345,762,0,0,1.78646,23.753,23.1799,32,182
343,762,0,0,1.99088,0.000361,0,32,182
340,763,0,0,2.09694,0.000293,0,32,182
339,763,0,0,1.92043,0.000272,0,32,182
303,763,0,0,2.16288,0.00027,0,32,182
245,765,0,0,2.29225,0.000253,0,32,182
224,766,0,0,1.92376,0.000212,0,32,182
222,766,0,0,2.09784,0.000198,0,32,182
222,766,0,0,2.00273,0.000311,0,32,182
222,766,0,0,2.23774,0.000229,0,32,182
222,766,1,0,2.31996,0.000365,0,32,182
221,766,0,0,1.87556,25.4723,25.0367,33,190
218,766,0,0,3.02048,0.000346,0,33,190
218,767,0,0,2.00178,0.000329,0,33,190
214,767,0,0,2.27964,0.000278,0,33,190
214,767,0,0,1.9871,0.000273,0,33,190
224,767,0,0,2.15323,0.000262,0,33,190
251,766,0,0,2.08412,0.000281,0,33,190
343,766,0,0,2.09314,0.000278,0,33,190
480,762,0,0,2.08143,0.000293,0,33,190
565,753,0,0,2.12006,0.00025,0,33,190
640,749,0,0,2.10055,0.000262,0,33,190
648,750,0,0,2.10221,0.000272,0,33,190
648,750,0,0,2.48623,0.000225,0,33,190
648,750,0,0,2.43899,0.000236,0,33,190
648,750,1,0,2.15447,0.00026,0,33,190
648,752,0,0,1.93342,26.2557,25.9618,34,196
648,752,0,0,2.14392,0.000316,0,34,196
648,752,0,0,5.08926,0.000284,0,34,196
651,752,0,0,2.62993,0.000278,0,34,196
667,756,0,0,2.18298,0.000282,0,34,196
677,753,0,0,3.10894,0.000331,0,34,196
686,752,0,0,3.1105,0.000221,0,34,196
706,742,0,0,3.08134,0.000275,0,34,196
709,737,0,0,3.09503,0.000242,0,34,196
710,737,0,0,2.18058,0.000251,0,34,196
710,737,1,0,2.07868,0.000233,0,34,196
710,737,0,0,2.17783,30.8386,30.5512,35,202
710,737,0,0,2.16096,0.000236,0,35,202
733,724,0,0,2.54323,0.000298,0,35,202
741,720,0,0,7.44366,0.000775,0,35,202
745,714,0,0,7.14515,0.000544,0,35,202
751,704,0,0,6.93723,0.000542,0,35,202
754,691,0,0,7.04154,0.000768,0,35,202
758,680,0,0,7.18049,0.000606,0,35,202
764,658,0,0,6.97782,0.00064,0,35,202
766,635,0,0,7.18645,0.000603,0,35,202
768,623,0,0,7.00701,0.000593,0,35,202
768,623,1,0,7.15252,0.000513,0,35,202
775,567,0,0,4.94979,66.8997,66.3918,36,208
790,527,0,0,4.67151,0.000553,0,36,208
792,481,0,0,4.51237,0.000559,0,36,208
784,458,0,0,5.05,0.000581,0,36,208
782,445,0,0,4.69571,0.000505,0,36,208
782,442,0,0,4.55459,0.000513,0,36,208
782,442,0,0,5.23503,0.000473,0,36,208
782,442,1,0,5.53225,0.000525,0,36,208
782,435,0,0,4.77754,70.3225,69.7828,37,213
782,430,0,0,4.62845,0.000423,0,37,213
782,422,0,0,4.51866,0.000478,0,37,213
785,387,0,0,5.27955,0.000723,0,37,213
788,320,0,0,5.12524,0.000546,0,37,213
791,256,0,0,5.22596,0.000643,0,37,213
791,203,0,0,5.36568,0.001137,0,37,213
778,174,0,0,5.55874,0.000549,0,37,213
777,173,0,0,8.32486,0.000609,0,37,213
777,173,0,0,7.9923,0.000617,0,37,213
777,173,0,0,7.99467,0.000647,0,37,213
777,171,0,0,3.48625,0.000253,0,37,213
778,161,0,0,3.49442,0.000281,0,37,213
777,154,0,0,3.23394,0.000231,0,37,213
775,140,0,0,3.18917,0.000228,0,37,213
775,118,0,0,3.35687,0.000231,0,37,213
774,102,1,0,3.3343,0.000202,0,37,213
774,102,0,0,2.08605,32.876,32.6731,38,219
774,102,0,0,2.1776,0.000282,0,38,219
779,96,0,0,2.66593,0.000233,0,38,219
777,75,0,0,2.18663,0.000221,0,38,219
766,62,0,0,2.21413,0.000216,0,38,219
752,53,0,0,3.44765,0.000223,0,38,219
732,45,0,0,3.16605,0.000269,0,38,219
725,45,0,0,2.16183,0.000208,0,38,219
725,45,1,0,2.1307,0.000248,0,38,219
725,45,0,0,2.16343,34.3372,34.1331,39,224
725,45,0,0,2.30163,0.000259,0,39,224
718,45,0,0,2.22934,0.000197,0,39,224
650,45,0,0,3.12322,0.000225,0,39,224
510,45,0,0,2.17229,0.000195,0,39,224
396,45,0,0,2.23325,0.000213,0,39,224
297,45,0,0,2.20599,0.000213,0,39,224
231,45,0,0,2.20988,0.000232,0,39,224
218,49,0,0,2.22601,0.000209,0,39,224
170,65,0,0,2.33896,0.000212,0,39,224
62,85,0,0,2.19091,0.000215,0,39,224
18,94,0,0,2.20069,0.000242,0,39,224
18,94,0,0,2.38732,0,0,39,224
49,226,0,0,2.38214,0,0,39,224
248,377,0,0,2.41747,0.000194,0,39,224
538,507,0,0,2.43371,0.000245,0,39,224
745,491,0,0,2.22868,0.00022,0,39,224
785,399,0,0,2.22257,0.000226,0,39,224
676,292,0,0,2.20661,0.000239,0,39,224
483,226,0,0,2.19802,0.000193,0,39,224
280,219,0,0,2.19798,0.000192,0,39,224
129,307,0,0,2.28517,0.000214,0,39,224
140,556,0,0,2.3943,0.000267,0,39,224
270,749,0,0,2.23376,0.000189,0,39,224
320,779,0,0,2.26164,0.000216,0,39,224
719,695,0,0,3.15851,0,0,39,224
791,609,0,0,3.82236,0.000307,0,39,224
715,274,0,0,2.5906,0,0,39,224
379,144,0,0,2.86984,0.000311,0,39,224
90,202,0,0,5.78444,0.000509,0,39,224
23,236,0,0,5.76543,0.000524,0,39,224
23,236,0,0,6.45857,0,0,39,224
143,744,0,0,5.70519,0,0,39,224
298,681,0,0,5.96973,0.000542,0,39,224
372,517,0,0,5.45179,0.000593,0,39,224
320,386,0,0,5.40405,0.000555,0,39,224
275,341,0,0,5.49072,0.000542,0,39,224
277,341,0,0,5.32326,0.000672,0,39,224
326,379,0,0,5.58517,0.000632,0,39,224
399,410,0,0,5.58275,0.000595,0,39,224
376,379,0,0,5.59866,0.000625,0,39,224
358,364,0,0,5.50177,0.000556,0,39,224
358,364,1,0,5.34743,0.000658,0,39,224
392,412,0,0,5.29601,82.5225,81.9126,40,229
388,482,0,0,4.97853,0.000447,0,40,229
307,543,0,0,5.12922,0.000572,0,40,229
221,572,1,0,4.92669,0.000456,0,40,229
198,557,0,0,6.85686,85.7606,85.2895,41,234
152,491,0,0,6.39152,0.000568,0,41,234
51,423,0,0,3.9516,0.000344,0,41,234
29,406,1,0,7.43033,0.000527,0,41,234
143,361,0,0,2.3291,70.4733,69.899,42,242
310,340,0,0,2.38175,0.000223,0,42,242
427,311,0,0,2.52081,0.000232,0,42,242
526,302,0,0,3.0971,0.000243,0,42,242
610,341,1,0,3.91756,0.00054,0,42,242
575,490,0,0,5.64897,105.338,104.85,43,250
461,514,1,0,4.65947,0.000304,0,43,250
319,469,0,0,2.96165,54.1236,53.8597,44,258
352,366,0,0,3.57363,0.000296,0,44,258
419,284,0,0,3.14852,0.000269,0,44,258
527,256,1,0,4.49683,0.000356,0,44,258
762,426,0,0,4.10511,109.719,109.065,45,263
748,454,0,0,3.10477,0.000246,0,45,263
656,466,1,0,2.77106,0.000239,0,45,263
353,364,0,0,3.44406,63.1801,62.8625,46,271
326,288,0,0,4.16204,0.000283,0,46,271
372,271,1,0,3.64035,0.000288,0,46,271
490,335,0,0,3.61583,65.2017,64.9027,47,278
559,369,0,0,4.14844,0.000347,0,47,278
558,403,0,0,3.8178,0.000406,0,47,278
490,425,0,0,4.97358,0.000341,0,47,278
322,420,1,0,7.53467,0.000615,0,47,278
310,301,0,0,2.76399,114.602,113.949,48,285
466,351,1,0,3.25831,0.000204,0,48,285
520,412,0,0,3.0258,59.5185,59.2421,49,291
406,360,0,0,3.18156,0.000279,0,49,291
322,297,0,0,3.22035,0.000294,0,49,291
298,250,0,0,4.92983,0.000363,0,49,291
290,225,1,0,7.37843,0.000799,0,49,291
136,356,0,0,3.14939,131.872,131.26,50,298
152,392,0,0,3.26415,0.000326,0,50,298
219,412,0,0,3.2469,0.00034,0,50,298
320,387,0,0,4.92755,0.000408,0,50,298
405,307,0,0,9.00147,0.000753,0,50,298
392,240,0,0,7.53642,0.000581,0,50,298
238,209,1,0,7.27273,0.000709,0,50,298
290,353,0,0,3.43372,122.783,122.041,51,304
360,399,0,0,3.12773,0.000259,0,51,304
322,430,1,0,3.28364,0.000211,0,51,304
166,371,0,0,3.06549,118.904,118.5,52,311
173,364,0,0,3.44833,0.000225,0,52,311
173,364,1,0,3.88997,0.000219,0,52,311
251,390,0,0,3.18831,122.861,122.418,53,319
221,445,1,0,3.47041,0.000255,0,53,319
165,484,0,0,3.46819,72.5928,72.275,54,324
222,466,0,0,3.38687,0.000223,0,54,324
254,454,0,0,3.7223,0.00025,0,54,324
238,449,1,0,7.14249,0.000743,0,54,324
153,413,0,0,3.27926,138.217,137.375,55,332
274,478,1,0,3.35336,0.000224,0,55,332
296,481,0,0,3.5536,135.24,134.799,56,338
293,474,0,0,3.52042,0.000272,0,56,338
304,490,1,0,3.68717,0.000289,0,56,338
502,357,0,0,8.17483,181.738,181.167,57,346
477,338,0,0,5.9097,0.000659,0,57,346
500,337,0,0,4.13011,0.000272,0,57,346
620,351,0,0,5.14852,0.000279,0,57,346
746,350,0,0,6.12666,0.000384,0,57,346
797,340,0,0,8.50284,0.000748,0,57,346
797,340,0,0,9.68676,0,0,57,346
797,340,0,0,10.3459,0,0,57,346
797,340,0,0,9.05281,0,0,57,346
797,340,0,0,8.52381,0,0,57,346
777,225,0,0,11.263,0,0,57,346
661,238,0,0,9.23658,0.0005,0,57,346
529,281,0,0,9.42708,0.000506,0,57,346
434,302,0,0,11.1552,0.000558,0,57,346
383,298,0,0,10.2006,0.00052,0,57,346
366,275,0,0,10.1245,0.000472,0,57,346
383,194,0,0,9.59678,0.000575,0,57,346
448,101,0,0,10.6462,0.000608,0,57,346
503,62,0,0,10.7589,0.000621,0,57,346
556,55,0,0,11.091,0.000571,0,57,346
689,91,0,0,10.2793,0.000714,0,57,346
798,138,0,0,11.7087,0.000657,0,57,346
798,138,0,0,10.8271,0,0,57,346
798,138,0,0,12.3513,0,0,57,346
798,138,0,0,9.70567,0,0,57,346
798,138,0,0,10.5081,0,0,57,346
798,138,0,0,12.867,0,0,57,346
798,138,0,0,10.7187,0,0,57,346
798,138,0,0,11.8615,0,0,57,346
464,109,0,0,12.6148,0,0,57,346
561,242,0,0,10.0821,0.000565,0,57,346
697,341,0,0,11.2959,0.000645,0,57,346
790,374,0,0,10.5491,0.000632,0,57,346
790,374,0,0,11.236,0,0,57,346
790,374,0,0,11.9386,0,0,57,346
769,83,0,0,11.5522,0,0,57,346
607,53,0,0,11.1387,0.000572,0,57,346
427,88,0,0,11.6628,0.000644,0,57,346
297,181,0,0,10.7927,0.000556,0,57,346
258,366,0,0,10.3537,0.000618,0,57,346
326,538,0,0,11.0848,0.000533,0,57,346
500,645,0,0,11.0452,0.000567,0,57,346
627,629,0,0,10.9917,0.00066,0,57,346
722,518,0,0,11.5815,0.00057,0,57,346
696,376,0,0,11.2402,0.000684,0,57,346
540,197,0,0,10.9315,0.000799,0,57,346
434,81,0,0,11.3191,0.000645,0,57,346
463,26,0,0,11.1514,0.000779,0,57,346
504,6,0,0,11.0357,0.000655,0,57,346
504,6,0,0,14.6203,0,0,57,346
504,6,0,0,13.7193,0,0,57,346
504,6,0,0,17.6149,0,0,57,346
504,6,0,0,11.0634,0,0,57,346
504,6,0,0,10.7978,0,0,57,346
504,6,0,0,11.1232,0,0,57,346
504,6,0,0,10.545,0,0,57,346
504,6,0,0,11.5052,0,0,57,346
504,6,0,0,10.5299,0,0,57,346
504,6,0,0,11.342,0,0,57,346
504,6,0,0,12.0582,0,0,57,346
504,6,0,0,12.3857,0,0,57,346
504,6,0,0,11.0254,0,0,57,346
504,6,0,0,10.5415,0,0,57,346
504,6,0,0,10.7685,0,0,57,346
504,6,0,0,10.6014,0,0,57,346
504,6,0,0,10.2853,0,0,57,346
504,6,0,0,9.94466,0,0,57,346
504,6,0,0,10.4395,0,0,57,346
504,6,0,0,10.8946,0,0,57,346
504,6,0,0,9.8726,0,0,57,346
504,6,0,0,8.84354,0,0,57,346
504,6,0,0,9.20982,0,0,57,346
504,6,0,0,9.86256,0,0,57,346
504,6,0,0,10.1004,0,0,57,346
504,6,0,0,10.1338,0,0,57,346
504,6,0,0,10.129,0,0,57,346
504,6,0,0,9.62518,0,0,57,346
504,6,0,0,10.4533,0,0,57,346
504,6,0,0,10.2314,0,0,57,346
504,6,0,0,10.929,0,0,57,346
504,6,0,0,10.1262,0,0,57,346
504,6,0,0,9.99358,0,0,57,346
504,6,0,0,10.5772,0,0,57,346
504,6,0,0,10.7294,0,0,57,346
504,6,0,0,9.83852,0,0,57,346
504,6,0,0,9.88735,0,0,57,346
504,6,0,0,10.0011,0,0,57,346
504,6,0,0,9.83984,0,0,57,346
504,6,0,0,9.83057,0,0,57,346
504,6,0,0,10.0545,0,0,57,346
504,6,0,0,10.3926,0,0,57,346
504,6,0,0,10.524,0,0,57,346
504,6,0,0,10.6479,0,0,57,346
504,6,0,0,10.1651,0,0,57,346
504,6,0,0,10.4661,0,0,57,346
